img,avg_stop_distance
1.jpg,211.79439972629157
2.jpg,369.509697486327
3.jpg,188.85259953702146
4.jpg,242.93661812193614
5.jpg,355.68567415451395
6.jpg,355.68567415451315
7.jpg,299.53204907765587
8.jpg,382.11047712522833
9.jpg,259.078774353996
10.jpg,346.3222635596485
11.jpg,313.6463567895386
12.jpg,389.13256037129645
13.jpg,197.41717525019277
14.jpg,996.078105334164
15.jpg,179.899346333525
16.jpg,200.63619820401783
17.jpg,213.25106463532984
18.jpg,233.35967213395674
19.jpg,542.9456863334412
20.jpg,285.75033100670043
21.jpg,252.73859660343103
22.jpg,401.3672030488105
23.jpg,434.66475668241793
24.jpg,350.3661331394427
25.jpg,315.4839590573608
26.jpg,243.5207065204384
27.jpg,301.3284963303343
28.jpg,602.0184865633878
29.jpg,781.1261097288645
30.jpg,297.5525799502522
31.jpg,334.52332523961906
32.jpg,428.6797439428207
33.jpg,258.13259510738095
34.jpg,346.35576119951185
35.jpg,262.1037820933489
36.jpg,287.94287736757883
37.jpg,380.68399384953693
38.jpg,383.7371170845681
39.jpg,587.482483104782
40.jpg,299.11589423507525
41.jpg,467.68379014560685
42.jpg,286.8688600482341
43.jpg,289.1440649088896
44.jpg,456.81150460072473
45.jpg,456.5784730308873
46.jpg,355.57618004511676
47.jpg,355.57618004511437
48.jpg,410.253826665397
49.jpg,410.2507699836139
50.jpg,374.57436083173
51.jpg,416.5354009553742
52.jpg,3971.787723805484
53.jpg,396.50777989908903
54.jpg,399.4003485062847
55.jpg,416.04090200112256
56.jpg,363.4929833239204
57.jpg,373.2792575009786
58.jpg,481.3339318921547
59.jpg,473.25060277721235
60.jpg,387.74851540275927
61.jpg,505.3196380880777
62.jpg,485.04169079354136
63.jpg,623.3190460584616
64.jpg,430.02541282322227
65.jpg,608.1548431379109
66.jpg,349.28356046309483
67.jpg,457.1289110660718
68.jpg,371.88682439899725
69.jpg,507.23946123697885
70.jpg,653.7722469609407
71.jpg,439.1464182152646
72.jpg,373.41697959707056
73.jpg,383.4476747219381
74.jpg,481.64583876446716
75.jpg,519.4215461398771
76.jpg,438.5029108345423
77.jpg,491.9527458175308
78.jpg,520.389224527862
79.jpg,567.7546504621018
80.jpg,289.14497018796243
81.jpg,296.4574946860546
82.jpg,277.1155497445438
83.jpg,268.11376618675433
84.jpg,289.0531406405787
85.jpg,186.93818501287635
86.jpg,296.93844508873474
87.jpg,329.2836436892977
88.jpg,331.3263733067109
89.jpg,1212.2009295014025
90.jpg,316.2571019086383
91.jpg,541.4478084935638
92.jpg,317.5924748647081
93.jpg,322.20544331686733
94.jpg,286.46927294618723
95.jpg,257.63790993937425
96.jpg,253.0855204979458
97.jpg,272.71530607723867
98.jpg,268.50605503080334
99.jpg,324.0206659590438
100.jpg,330.6857352739313
101.jpg,198.5716042039446
102.jpg,237.44678634164094
103.jpg,194.31002415276586
104.jpg,268.28960053916046
105.jpg,194.6105722245908
106.jpg,266.6478205022588
107.jpg,179.12761524579713
108.jpg,165.23338292842027
109.jpg,211.9798887476054
110.jpg,185.67091646096856
111.jpg,231.9168892434079
112.jpg,235.36734256792082
113.jpg,238.77505131062293
114.jpg,217.82024556538653
115.jpg,170.48261482541267
116.jpg,252.48723213803828
117.jpg,201.9348064211488
118.jpg,275.16109119923686
119.jpg,192.77507894812533
120.jpg,190.614833377418
121.jpg,174.0796513574638
122.jpg,251.95396671710682
123.jpg,291.6912517080143
124.jpg,201.44038969733708
125.jpg,302.7284167989418
126.jpg,240.42162999937852
127.jpg,265.49875476618416
128.jpg,278.8931943976706
129.jpg,200.3493841995782
130.jpg,535.4613462110353
131.jpg,632.224723696205
132.jpg,256.9825301717936
133.jpg,280.92743851383113
134.jpg,253.89523648236005
135.jpg,322.5885216514368
136.jpg,267.92257419857987
137.jpg,216.76602030881335
138.jpg,703.6030222690845
139.jpg,799.9025594077855
140.jpg,281.22072037487646
141.jpg,291.9248843529913
142.jpg,249.1896198472175
143.jpg,196.25854988785466
144.jpg,274.0611172969069
145.jpg,301.5437298966928
146.jpg,1280.2791960571778
147.jpg,856.5915768772674
148.jpg,2025.858449496947
149.jpg,364.3296509264886
150.jpg,339.7475500327079
151.jpg,277.6317741446072
152.jpg,221.1047712268801
153.jpg,293.00867565364507
154.jpg,232.3880643991688
155.jpg,267.11025521934954
156.jpg,232.31451167215087
157.jpg,326.5126053816712
158.jpg,442.9957528561898
159.jpg,351.43143148198646
160.jpg,351.7703107086285
161.jpg,268.00858096167525
162.jpg,411.51594761667695
163.jpg,439.06139086855745
164.jpg,389.84657563394177
165.jpg,485.09471690705374
166.jpg,654.9394822087361
167.jpg,256.54761306740767
168.jpg,343.6520590665952
169.jpg,355.1653633853518
170.jpg,309.6926779746906
171.jpg,314.6624219793078
172.jpg,333.1592463375465
173.jpg,327.51260474499503
174.jpg,278.981635339152
175.jpg,343.41021174520523
176.jpg,234.20433549950826
177.jpg,284.48181580420146
178.jpg,330.1869883181553
179.jpg,349.87101380540116
180.jpg,324.5528336160227
181.jpg,272.2387513131032
182.jpg,289.52848367272287
183.jpg,584.361064698009
184.jpg,297.95488625154087
185.jpg,210.87953616986368
186.jpg,337.6301673326467
187.jpg,209.07337114924374
188.jpg,234.98279551497947
189.jpg,214.65315999069782
190.jpg,233.75221798344273
191.jpg,239.52232642084113
192.jpg,238.9992046810437
193.jpg,201.09077503915154
194.jpg,274.9408859747896
195.jpg,239.5949172148532
196.jpg,230.36037735355794
197.jpg,318.15263551792145
198.jpg,393.73157297552433
199.jpg,309.0316621286212
200.jpg,353.5680463899222
201.jpg,1037.991860816665
202.jpg,659.4005016642861
203.jpg,281.0739445436032
204.jpg,2134.2916406992576
205.jpg,481.8606936528074
206.jpg,408.8382870083277
207.jpg,872.8066906127186
208.jpg,264.18733734961285
209.jpg,298.32114135504975
210.jpg,304.7769329681039
211.jpg,247.91999134436043
212.jpg,220.48913786399024
213.jpg,275.2340903357551
214.jpg,420.9292089130663
215.jpg,372.324291174137
216.jpg,368.39397824183095
217.jpg,843.3681025114724
218.jpg,342.4002829061255
219.jpg,454.8269956775148
220.jpg,232.33427912304424
221.jpg,232.33427912304276
222.jpg,564.3660895412146
223.jpg,564.3695046645465
224.jpg,400.48668210406316
225.jpg,390.9845760181656
226.jpg,275.8793213999962
227.jpg,319.77640947210773
228.jpg,240.27672878591596
229.jpg,250.75629346318533
230.jpg,211.30228276896506
231.jpg,234.13555615686454
232.jpg,323.2307924272669
233.jpg,282.1998091416761
234.jpg,412.55329301046066
235.jpg,429.5665041896787
236.jpg,377.41740117345455
237.jpg,289.3891497799523
238.jpg,295.40489430433007
239.jpg,314.0659663291235
240.jpg,303.86463464949435
241.jpg,369.2283620575633
242.jpg,306.3430156934945
243.jpg,315.8105939253938
244.jpg,322.17325659489865
245.jpg,405.6721596026843
246.jpg,415.4797927319106
247.jpg,341.31313082754
248.jpg,328.57846148007036
249.jpg,604.8700069555654
250.jpg,332.4858808899912
251.jpg,415.4797927319106
252.jpg,380.55058035600547
253.jpg,652.67714554188
254.jpg,422.31520092971755
255.jpg,283.9945734932093
256.jpg,360.52076222407027
257.jpg,327.9398483541254
258.jpg,337.9936431259086
259.jpg,339.1254376809191
260.jpg,362.7903580587895
261.jpg,195.1301896668043
262.jpg,324.25599932303305
263.jpg,572.2323311736878
264.jpg,327.12080039797183
265.jpg,230.78305954308132
266.jpg,491.86658112747756
267.jpg,270.49662723883023
268.jpg,300.112044139513
269.jpg,204.76250576209617
270.jpg,266.71710806381753
271.jpg,493.1646202275477
272.jpg,231.8421489685371
273.jpg,246.87498806270642
274.jpg,237.92812504545512
275.jpg,260.64569734151854
276.jpg,209.50433268787194
277.jpg,207.44726469277848
278.jpg,226.02388968519125
279.jpg,479.95553721785694
280.jpg,411.0686957374549
281.jpg,243.93263590555975
282.jpg,238.99585182055864
283.jpg,191.3209046620133
284.jpg,207.82363397381437
285.jpg,235.945772812912
286.jpg,222.4397577048057
287.jpg,250.51823012064622
288.jpg,303.71420579464973
289.jpg,231.12576694408668
290.jpg,207.75601544540453
291.jpg,224.8503373106301
292.jpg,203.29245947945404
293.jpg,461.10348361422507
294.jpg,427.5409703847984
295.jpg,243.28846626456433
296.jpg,1029.2890153634396
297.jpg,1047.8540311404608
298.jpg,803.7738005430408
299.jpg,588.7352520289893
300.jpg,495.0998611213984
301.jpg,877.8887435268425
302.jpg,975.0829208501646
303.jpg,240.82584433884318
304.jpg,211.15230861907705
305.jpg,255.2966792395849
306.jpg,256.06882249138795
307.jpg,239.99030778655722
308.jpg,214.44651919113343
309.jpg,245.78263462819706
310.jpg,271.66020862069036
311.jpg,213.686877713304
312.jpg,357.56776883049974
313.jpg,236.5304943970403
314.jpg,203.75654414327025
315.jpg,254.4759405270927
316.jpg,246.6203806340919
317.jpg,235.48552352332354
318.jpg,217.0669819097919
319.jpg,255.09407399605138
320.jpg,281.67279659809157
321.jpg,226.67246747660158
322.jpg,340.13142871647074
323.jpg,217.48203872481213
324.jpg,204.55118111622846
325.jpg,233.19828028486089
326.jpg,209.07979649081
327.jpg,341.46223850110715
328.jpg,376.9166696431078
329.jpg,397.0750167714982
330.jpg,335.1289602593106
331.jpg,203.54766406095996
332.jpg,232.69621631965543
333.jpg,208.72754149039386
334.jpg,341.4622385011063
335.jpg,376.91666964310707
336.jpg,397.164148141824
337.jpg,217.482038724813
338.jpg,203.76518474228516
339.jpg,233.08132612223463
340.jpg,209.07979649082105
341.jpg,296.18196857384015
342.jpg,341.46223850110533
343.jpg,376.91666964309854
344.jpg,397.1649285660357
345.jpg,334.16802171737675
346.jpg,202.43122465590534
347.jpg,232.7899490870829
348.jpg,208.72620988545026
349.jpg,296.84597884923755
350.jpg,341.46223850111573
351.jpg,376.91666964310457
352.jpg,397.215282894039
353.jpg,334.86634351493103
354.jpg,310.93436312381505
355.jpg,308.3639783877471
356.jpg,299.113563626433
357.jpg,323.0231151759697
358.jpg,222.39785978405322
359.jpg,301.46094306974425
360.jpg,298.4537235098993
361.jpg,321.7313717498273
362.jpg,343.892927656891
363.jpg,360.48316909970197
364.jpg,397.35550446473786
365.jpg,570.4282151354201
366.jpg,738.2155237187671
367.jpg,216.52564570591792
368.jpg,381.35472944865273
369.jpg,192.86947063279214
370.jpg,3106.794068112787
371.jpg,233.47007371534397
372.jpg,230.84828338162035
373.jpg,240.3645385635101
374.jpg,232.56710162266398
375.jpg,303.7186897998804
376.jpg,251.20434962090275
377.jpg,345.92549616910406
378.jpg,252.65406252274352
379.jpg,296.2973116078288
380.jpg,249.09940537133744
381.jpg,223.6746388967633
382.jpg,368.01757505242216
383.jpg,298.5645940767151
384.jpg,203.53512012536584
385.jpg,369.295145000503
386.jpg,241.33668980418554
387.jpg,249.58252603623725
388.jpg,361.8072170709001
389.jpg,199.48866748355468
390.jpg,248.343933936507
391.jpg,223.19272318977494
392.jpg,219.68074658782163
393.jpg,280.4232288539221
394.jpg,265.2719243630715
395.jpg,1406.758519438475
396.jpg,284.3429701798456
397.jpg,287.6979267957642
398.jpg,267.88723945517654
399.jpg,399.4985257524927
400.jpg,240.24593728273007
401.jpg,296.23336421421635
402.jpg,252.5664353745681
403.jpg,436.0541838113044
404.jpg,308.74949326980976
405.jpg,269.1004835664368
406.jpg,253.95352110970833
407.jpg,271.8433028311189
408.jpg,273.9782207970439
409.jpg,294.05970333609764
410.jpg,336.4335594668539
411.jpg,493.752339527554
412.jpg,319.7465419707217
413.jpg,249.96110524802774
414.jpg,240.3384699558447
415.jpg,267.40288497319665
416.jpg,276.07758746456955
417.jpg,807.8157831893765
418.jpg,342.40716456371376
419.jpg,322.97631223792
420.jpg,309.3277618108957
421.jpg,327.9591757669157
422.jpg,421.4025864491478
423.jpg,378.3597225670949
424.jpg,407.31296540350723
425.jpg,341.48144642933306
426.jpg,437.74345195167336
427.jpg,361.98108603764126
428.jpg,414.66820792763076
429.jpg,579.0592006123525
430.jpg,385.8308455322223
431.jpg,466.2959972531722
432.jpg,325.261630218717
433.jpg,490.2875647063773
434.jpg,305.5044544151118
435.jpg,414.9998465666784
436.jpg,1055.1339128564566
437.jpg,450.3640788136455
438.jpg,507.6730193509123
439.jpg,254.79164774704046
440.jpg,352.1716160801926
441.jpg,427.9678136080634
442.jpg,1031.8622960627408
443.jpg,307.70848586122713
444.jpg,308.10015096168274
445.jpg,747.9805687758953
446.jpg,309.1394418590114
447.jpg,321.4625906137244
448.jpg,341.7992403494571
449.jpg,296.1839324588223
450.jpg,760.8033804686271
451.jpg,277.0770464340843
452.jpg,297.9448199743103
453.jpg,1249.3711519168846
454.jpg,409.3627694607617
455.jpg,332.0276366286382
456.jpg,379.2966989544258
457.jpg,439.322738156437
458.jpg,1244.1430746604667
459.jpg,559.1469221310465
460.jpg,451.17578407578196
461.jpg,299.2145953307114
462.jpg,259.7693557830751
463.jpg,381.87752486236207
464.jpg,248.92154145451488
465.jpg,223.20178692242666
466.jpg,234.45884217939783
467.jpg,242.51466019942637
468.jpg,303.4211715958444
469.jpg,330.9225243644812
470.jpg,263.48928547108636
471.jpg,242.62587136252162
472.jpg,191.47145661046886
473.jpg,365.2281218616587
474.jpg,219.70307832386197
475.jpg,237.86096503380412
476.jpg,184.35587869530818
477.jpg,242.7310783332606
478.jpg,317.37777607454166
479.jpg,292.6254267585361
480.jpg,223.4481002694782
481.jpg,217.4927165506423
482.jpg,189.95413164015318
483.jpg,242.73445980649782
484.jpg,249.409238213442
485.jpg,210.68901172388152
486.jpg,220.57976658948624
487.jpg,219.86375286237922
488.jpg,230.8822350409247
489.jpg,214.5571769400438
490.jpg,226.55423482435816
491.jpg,194.22142115051852
492.jpg,646.2117580854512
493.jpg,295.1942925343136
494.jpg,222.24783555410392
495.jpg,299.9465708173885
496.jpg,555.234039587995
497.jpg,440.9511256828644
498.jpg,470.35214332874165
499.jpg,1115.4231934519066
500.jpg,771.3454135564531
501.jpg,1023.7495372587268
502.jpg,396.06751454056246
503.jpg,852.050738482843
504.jpg,438.7213364734225
505.jpg,456.8838916486629
506.jpg,355.4663700878123
507.jpg,420.80991515940747
508.jpg,365.14012235192297
509.jpg,386.50354762114654
510.jpg,460.28859709185775
511.jpg,702.6880861477753
512.jpg,954.0267587509006
513.jpg,593.1674539631987
514.jpg,1054.3551450371008
515.jpg,758.4256308373396
516.jpg,1048.1414873375672
517.jpg,1011.2628157620187
518.jpg,375.4670583767105
519.jpg,285.14493765742407
520.jpg,272.65467963580835
521.jpg,382.3072703484394
522.jpg,268.5413768618936
523.jpg,343.5077999796737
524.jpg,905.0753180434274
525.jpg,402.5687710734071
526.jpg,435.162077593728
527.jpg,1234.31233854827
528.jpg,1042.6901447713103
529.jpg,701.234038745541
530.jpg,1248.5970453895113
531.jpg,328.6631641493832
532.jpg,316.2047980415787
533.jpg,315.20429660273066
534.jpg,366.8602152055489
535.jpg,318.6305314185617
536.jpg,279.10715167851833
537.jpg,334.17179626040496
538.jpg,319.08955116621377
539.jpg,299.64902684184295
540.jpg,253.203751291952
541.jpg,273.5751448730447
542.jpg,267.3103331856419
543.jpg,307.751430384142
544.jpg,1100.6340968385887
545.jpg,318.2368840867606
546.jpg,287.11202698504263
547.jpg,544.4639156563538
548.jpg,358.5707221387269
549.jpg,378.8480297195229
550.jpg,385.50746965474104
551.jpg,375.8397556386812
552.jpg,362.76098213447693
553.jpg,368.76834051521917
554.jpg,379.5895008235387
555.jpg,497.54637169541655
556.jpg,539.1415188832145
557.jpg,412.3922280535573
558.jpg,592.0828186713228
559.jpg,322.8065567515351
560.jpg,272.67164636913856
561.jpg,723.0373100493862
562.jpg,198.64274705513284
563.jpg,215.25701902574147
564.jpg,229.9861061840441
565.jpg,194.3524056366317
566.jpg,215.09743550168957
567.jpg,227.91151857910455
568.jpg,219.44633550349383
569.jpg,220.50288480203804
570.jpg,213.49928343077133
571.jpg,210.19029540015794
572.jpg,251.27459845053426
573.jpg,177.51882603542876
574.jpg,197.31813892743537
575.jpg,205.7069214500436
576.jpg,188.644007228082
577.jpg,239.81928164298535
578.jpg,244.8812653845499
579.jpg,204.49270672182087
580.jpg,205.21840033988445
581.jpg,188.71302207301855
582.jpg,289.8763895588233
583.jpg,208.2601207989902
584.jpg,224.03314248019083
585.jpg,198.34293489368406
586.jpg,229.3926701700366
587.jpg,223.76639725157628
588.jpg,235.0190383343838
589.jpg,195.45246636411258
590.jpg,197.71067069796845
591.jpg,201.73460299800837
592.jpg,208.5530085104862
593.jpg,214.6861188386452
594.jpg,185.3328271645249
595.jpg,238.05948085037056
596.jpg,201.57025703162662
597.jpg,206.47725891694927
598.jpg,226.46917862790204
599.jpg,200.69145149688708
600.jpg,204.93819590501835
601.jpg,225.94759605427896
602.jpg,200.36392749443476
603.jpg,292.91689763217
604.jpg,335.8606603710108
605.jpg,395.41077428364025
606.jpg,352.97601433415394
607.jpg,435.85508104080276
608.jpg,313.94901525928225
609.jpg,338.2342741765298
610.jpg,492.4751184388747
611.jpg,353.68188903405866
612.jpg,295.45668224798743
613.jpg,414.5606142846969
614.jpg,346.1802894635501
615.jpg,203.1552354236204
616.jpg,284.34607883409285
617.jpg,373.9116492656156
618.jpg,454.822612915489
619.jpg,242.54324290808464
620.jpg,298.4911598801869
621.jpg,370.58881913406327
622.jpg,190.413522214305
623.jpg,264.84974149838825
624.jpg,272.94137254576253
625.jpg,364.4058668605869
626.jpg,1014.500451845019
627.jpg,1321.071290278707
628.jpg,1130.7949897170474
629.jpg,1117.4984933684295
630.jpg,2612.9438630034647
631.jpg,663.7980890307853
632.jpg,268.01200772836836
633.jpg,274.3580117358191
634.jpg,242.11558445979387
635.jpg,228.45282361653054
636.jpg,272.58408376831056
637.jpg,269.21467965220086
638.jpg,402.9056301467556
639.jpg,438.0678039146991
640.jpg,322.75288842061076
641.jpg,433.3392760550431
642.jpg,188.84241167638058
643.jpg,300.1763925040302
644.jpg,196.93127596365292
645.jpg,240.3993552457512
646.jpg,226.75827611545142
647.jpg,304.65473652380865
648.jpg,328.39224037629185
649.jpg,308.8066704803246
650.jpg,288.82121655587315
651.jpg,324.16736770335115
652.jpg,210.0232491659085
653.jpg,236.46534205598147
654.jpg,315.6314686403347
655.jpg,287.6775040529357
656.jpg,274.36113046564725
657.jpg,279.81974301772027
658.jpg,263.1494957456157
659.jpg,392.42100949849396
660.jpg,311.4016483637228
661.jpg,293.8733225510327
662.jpg,275.2068773814514
663.jpg,287.6863460357765
664.jpg,379.1481057934234
665.jpg,301.57840296282643
666.jpg,232.46945814611644
667.jpg,327.3196090964971
668.jpg,185.63471513958248
669.jpg,212.03091954552525
670.jpg,190.41207354083937
671.jpg,252.4857525871342
672.jpg,2103.2718741913145
673.jpg,188.81479140057962
674.jpg,207.46898671695863
675.jpg,458.66187370671025
676.jpg,365.693999738258
677.jpg,555.3068010498466
678.jpg,471.5609638747029
679.jpg,190.413522214305
680.jpg,264.84974149838825
681.jpg,434.2377997558164
682.jpg,262.14306547037575
683.jpg,275.0893459788586
684.jpg,275.6728967315067
685.jpg,248.58006533490047
686.jpg,272.4503909591699
687.jpg,242.83151299473155
688.jpg,323.75973633871314
689.jpg,245.841980157899
690.jpg,313.8278842555652
691.jpg,295.94372871849
692.jpg,368.00655119274427
693.jpg,263.8563607639061
694.jpg,291.5647541349427
695.jpg,371.7534726330891
696.jpg,257.78368573984307
697.jpg,305.8036378816424
698.jpg,338.2350273972116
699.jpg,635.0931672263158
700.jpg,300.4364667285649
701.jpg,248.73632156577753
702.jpg,237.76614019136557
703.jpg,288.514946110981
704.jpg,285.05008303721263
705.jpg,616.6990133260867
706.jpg,273.46916585024843
707.jpg,302.911979135345
708.jpg,306.21153739288536
709.jpg,245.85367987231717
710.jpg,269.14575281013913
711.jpg,689.7918454887234
712.jpg,514.1475129299321
713.jpg,664.9552371800919
714.jpg,817.2987425283169
715.jpg,220.41807002076936
716.jpg,458.3343256196448
717.jpg,492.9725601823308
718.jpg,418.78504485471774
719.jpg,261.65364743051975
720.jpg,480.8267225638613
721.jpg,330.9871075872873
722.jpg,328.97084901651317
723.jpg,553.2103119559571
724.jpg,587.4081999406992
725.jpg,1030.6190172314489
726.jpg,274.59002533859336
727.jpg,569.7687839229111
728.jpg,251.57873156087228
729.jpg,270.94201202426893
730.jpg,218.1930512463388
731.jpg,217.6467038965656
732.jpg,655.8241137548113
733.jpg,248.867915226801
734.jpg,645.9302321315894
735.jpg,395.0904894781085
736.jpg,405.7184692810955
737.jpg,342.7997492157982
738.jpg,352.4810370805306
739.jpg,304.7477473618928
740.jpg,310.6814678058585
741.jpg,340.24508239905447
742.jpg,285.86707141492235
743.jpg,278.5412005489165
744.jpg,302.62111665535474
745.jpg,318.93697902343587
746.jpg,220.6814551688107
747.jpg,217.99055836238222
748.jpg,336.782079860949
749.jpg,277.3323649147371
750.jpg,250.14684858473643
751.jpg,295.78597705987215
752.jpg,281.399868008915
753.jpg,264.5090169606994
754.jpg,264.56448276509275
755.jpg,265.9646971591018
756.jpg,260.10907131167033
757.jpg,373.74831566347956
758.jpg,344.6125799116956
759.jpg,339.18205979890655
760.jpg,355.04818892454654
761.jpg,278.83303514760644
762.jpg,202.85643879017127
763.jpg,205.1059158554675
764.jpg,203.55788453257787
765.jpg,223.2721401791341
766.jpg,413.33054934485733
767.jpg,240.29306913064516
768.jpg,293.47162568412494
769.jpg,294.89639001946585
770.jpg,318.5577143694825
771.jpg,248.36305228322882
772.jpg,225.81853774813723
773.jpg,243.2658686615664
774.jpg,251.29898767446633
775.jpg,228.55182393348863
776.jpg,305.3238072417172
777.jpg,277.8351872006367
778.jpg,211.92420020811693
779.jpg,215.3348534351742
780.jpg,378.3425327418572
781.jpg,254.45208939975126
782.jpg,289.1882326554822
783.jpg,245.47532495924932
784.jpg,284.14428083262385
785.jpg,280.0622624922506
786.jpg,204.8499629188097
787.jpg,303.4812379550437
788.jpg,287.51883322061695
789.jpg,313.02991123746096
790.jpg,236.8906787833766
791.jpg,201.4920812785431
792.jpg,208.38435084708118
793.jpg,319.11974901498434
794.jpg,260.15284423748244
795.jpg,315.0424558790877
796.jpg,283.39992087415106
797.jpg,286.0997450694735
798.jpg,279.7688491497532
799.jpg,241.41595948052097
800.jpg,253.36215250530125
801.jpg,199.64657127589865
802.jpg,304.36146646164593
803.jpg,264.87525020473373
804.jpg,266.02097545199666
805.jpg,202.40571516653281
806.jpg,286.12015978123935
807.jpg,227.5059684297812
808.jpg,261.29255547970297
809.jpg,240.21978488189336
810.jpg,317.0668773286899
811.jpg,271.894115484093
812.jpg,247.17136870334605
813.jpg,215.4581402832418
814.jpg,307.5859427466593
815.jpg,298.0579973385737
816.jpg,251.50643866656762
817.jpg,252.3476154784995
818.jpg,241.91569393347245
819.jpg,242.7817062856697
820.jpg,266.833207271806
821.jpg,330.19813012210886
822.jpg,234.9907269199761
823.jpg,272.33397175355583
824.jpg,346.3607068450192
825.jpg,280.6634776399138
826.jpg,205.1402961246847
827.jpg,292.8458005531886
828.jpg,230.62620519168235
829.jpg,225.15346128244573
830.jpg,305.24565594067883
831.jpg,268.67046807209715
832.jpg,249.50956663690232
833.jpg,235.6389910131973
834.jpg,264.46862624990746
835.jpg,279.7451923640658
836.jpg,254.10525579768282
837.jpg,237.73631405222218
838.jpg,255.46592633659094
839.jpg,223.6387636399341
840.jpg,216.83473003211807
841.jpg,266.5543184042924
842.jpg,234.8905776071798
843.jpg,218.5013254513964
844.jpg,303.09766759328846
845.jpg,241.58877261047263
846.jpg,282.47350339416346
847.jpg,299.108364340044
848.jpg,282.1001679336139
849.jpg,266.02494339249546
850.jpg,255.87640974491495
851.jpg,246.3376922354863
852.jpg,253.29549215591572
853.jpg,291.89921707696845
854.jpg,279.38848618080925
855.jpg,298.1734438003778
856.jpg,287.2317097445282
857.jpg,285.48347021005674
858.jpg,278.4162367874992
859.jpg,277.6007319382008
860.jpg,320.2977902309554
861.jpg,329.5919412912945
862.jpg,320.2017864427628
863.jpg,264.0408417794091
864.jpg,318.8865862019596
865.jpg,321.053878697224
866.jpg,475.12209974990196
867.jpg,355.8341834842801
868.jpg,276.4895930258785
869.jpg,288.8735973774949
870.jpg,290.9726443561712
871.jpg,291.4126999880097
872.jpg,261.4557823636104
873.jpg,266.5177871056843
874.jpg,256.42201480480594
875.jpg,333.74545109539457
876.jpg,229.5980155879869
877.jpg,257.7904563220687
878.jpg,262.4820738397065
879.jpg,256.05572096027777
880.jpg,330.2884593303437
881.jpg,231.0819534800147
882.jpg,306.64340830018114
883.jpg,315.49746888612583
884.jpg,300.5268876093592
885.jpg,283.41810160798764
886.jpg,297.1580728760825
887.jpg,249.5470498865216
888.jpg,293.31310275188247
889.jpg,282.7561649595164
890.jpg,338.0462049280588
891.jpg,282.8736186037548
892.jpg,265.293004901979
893.jpg,199.00044149656497
894.jpg,258.65073638290244
895.jpg,270.3257267225613
896.jpg,254.99906716066215
897.jpg,271.80020237646215
898.jpg,248.9139408066247
899.jpg,296.7213021866034
900.jpg,261.2730195843528
901.jpg,335.53127604151206
902.jpg,254.99688551632946
903.jpg,332.00887323659555
904.jpg,299.25373041546624
905.jpg,266.218932970526
906.jpg,278.4987984970159
907.jpg,311.7019200928495
908.jpg,332.6441997848532
909.jpg,309.5413901980101
910.jpg,307.4406845292269
911.jpg,398.1851746542852
912.jpg,398.1851746542852
913.jpg,225.6571068029079
914.jpg,256.0997617978078
915.jpg,250.38634825206682
916.jpg,272.7858995199903
917.jpg,288.8560871832027
918.jpg,204.45912593905095
919.jpg,219.03519763814054
920.jpg,261.74130408345695
921.jpg,243.21310700038939
922.jpg,230.40720211959027
923.jpg,245.41376330566655
924.jpg,258.6667898736354
925.jpg,289.57849837702236
926.jpg,397.1008637301103
927.jpg,377.50620904958095
928.jpg,267.8261427932116
929.jpg,269.1782460836049
930.jpg,383.21252683629274
931.jpg,345.91114107912506
932.jpg,384.0265830509455
933.jpg,415.19047263767146
934.jpg,499.5284641992263
935.jpg,434.3502478464079
936.jpg,395.12788113829316
937.jpg,317.3590257753042
938.jpg,474.9804025912029
939.jpg,435.8171989504712
940.jpg,362.22366585117135
941.jpg,330.390017781075
942.jpg,397.228025718573
943.jpg,457.84704320966995
944.jpg,1051.0341726660567
945.jpg,311.01318852795873
946.jpg,320.3275016321387
947.jpg,378.6564550237242
948.jpg,484.7228856350676
949.jpg,390.21742848204167
950.jpg,261.9693577289216
951.jpg,370.8543963125626
952.jpg,321.8990504270808
953.jpg,237.1057392626922
954.jpg,324.67131824330716
955.jpg,302.33206600214015
956.jpg,441.41138842227144
957.jpg,295.9329069372571
958.jpg,286.54979958301817
959.jpg,509.8183566831457
960.jpg,223.55625597734493
961.jpg,223.55625597734493
962.jpg,298.11472305673766
963.jpg,242.85598651031654
964.jpg,257.630702489397
965.jpg,233.71931774156545
966.jpg,259.1709639312848
967.jpg,248.75498676900202
968.jpg,229.4039770244273
969.jpg,243.56525017486905
970.jpg,427.2193361762925
971.jpg,242.33503544500144
972.jpg,240.76507434096231
973.jpg,267.5374098513693
974.jpg,246.12743980192676
975.jpg,226.05444765132714
976.jpg,265.1689481112988
977.jpg,257.84491220996676
978.jpg,229.39783740338564
979.jpg,286.1701055094765
980.jpg,336.633956397645
981.jpg,313.51817422200025
982.jpg,304.4217365083823
983.jpg,214.7286943125315
984.jpg,288.35875750715786
985.jpg,288.35875750715746
986.jpg,812.7029771097332
987.jpg,893.0857475226878
988.jpg,294.6906276106623
989.jpg,2696.441546503108
990.jpg,743.6531364604191
991.jpg,536.7773716473046
992.jpg,664.9862849688955
993.jpg,842.6509508125504
994.jpg,338.0600197302792
995.jpg,373.14314450078393
996.jpg,668.0899380971671
997.jpg,301.92126580323014
998.jpg,229.95482123901255
999.jpg,416.34921785662027
1000.jpg,273.0762015489624
1001.jpg,316.3973133079738
1002.jpg,287.42773323465855
1003.jpg,482.71090603944236
1004.jpg,352.06890079098207
1005.jpg,296.2525512390256
1006.jpg,416.2492722990137
1007.jpg,285.34107655799437
1008.jpg,287.4768491315936
1009.jpg,280.22830146027366
1010.jpg,228.09726561500594
1011.jpg,253.3731082382267
1012.jpg,338.45169434552923
1013.jpg,411.05324269020576
1014.jpg,312.37373199425383
1015.jpg,357.8948227975045
1016.jpg,941.4506602924104
1017.jpg,261.83378793578083
1018.jpg,528.6209073570872
1019.jpg,297.12708769023953
1020.jpg,231.5927542183753
1021.jpg,346.3011497878568
1022.jpg,327.33810773253543
1023.jpg,240.28563261583344
1024.jpg,448.9634092441418
1025.jpg,321.7749526788012
1026.jpg,369.97574824053794
1027.jpg,418.6154649168547
1028.jpg,366.82048887609693
1029.jpg,288.1611672895159
1030.jpg,896.5759474383514
1031.jpg,303.5050656020884
1032.jpg,388.33473386844787
1033.jpg,238.18241554983643
1034.jpg,306.4860627706005
1035.jpg,271.2676703813222
1036.jpg,420.2237189193783
1037.jpg,314.77774414254975
1038.jpg,323.1354503964609
1039.jpg,359.9112915563833
1040.jpg,370.9803109206205
1041.jpg,313.21906052331263
1042.jpg,518.1592452628661
1043.jpg,180.81754393402323
1044.jpg,251.416422520889
1045.jpg,188.93489477797405
1046.jpg,286.9934023448135
1047.jpg,355.1230765579518
1048.jpg,327.0839225930732
1049.jpg,419.51489877810513
1050.jpg,489.6128093342307
1051.jpg,403.47631573750317
1052.jpg,371.3943758946822
1053.jpg,256.00101283525487
1054.jpg,267.7058872450579
1055.jpg,231.2306474561015
1056.jpg,896.662509815095
1057.jpg,406.6551682840225
1058.jpg,269.5982650332849
1059.jpg,198.10877810107294
1060.jpg,258.8131404773875
1061.jpg,338.369704997201
1062.jpg,256.0010128352549
1063.jpg,112.43547835349717
1064.jpg,134.87685401670623
1065.jpg,403.47631573750306
1066.jpg,205.26450044965804
1067.jpg,175.2307126526788
1068.jpg,229.78913082223835
1069.jpg,231.84077096424
1070.jpg,203.9114876941535
1071.jpg,267.0726721336247
1072.jpg,255.32984876586983
1073.jpg,234.8123082097003
1074.jpg,271.11579015399866
1075.jpg,222.6324187313276
1076.jpg,896.6625098150948
1077.jpg,231.2306474561015
1078.jpg,203.3825814638561
1079.jpg,338.369704997201
1080.jpg,201.69016409689982
1081.jpg,258.8084214250709
1082.jpg,269.5982650332849
1083.jpg,406.6551682840225
1084.jpg,203.3825814638561
1085.jpg,231.68149722508443
1086.jpg,260.64091924845695
1087.jpg,262.58698034937186
1088.jpg,253.9860152690154
1089.jpg,268.73689381748596
1090.jpg,231.84077096424
1091.jpg,203.9114876941535
1092.jpg,229.78913082223835
1093.jpg,222.6324187313276
1094.jpg,371.3943758946822
1095.jpg,134.87685401670626
1096.jpg,112.43547835349717
1097.jpg,527.4301973097532
1098.jpg,403.87715588098433
1099.jpg,263.13947388690156
1100.jpg,143.82083221550454
1101.jpg,352.8388260537471
1102.jpg,218.0665176255689
1103.jpg,283.81957070552863
1104.jpg,274.969582020976
1105.jpg,360.8409745237095
1106.jpg,341.19564312750913
1107.jpg,346.5858516420678
1108.jpg,248.29640968128163
1109.jpg,258.14611105834933
1110.jpg,263.1240128843168
1111.jpg,260.54089793676786
1112.jpg,251.66554372835452
1113.jpg,294.2949652690689
1114.jpg,251.07056045524374
1115.jpg,625.9465288065265
1116.jpg,299.0590933888111
1117.jpg,334.56635926810395
1118.jpg,273.00096662474624
1119.jpg,406.9463415178545
1120.jpg,337.9667348218187
1121.jpg,254.15902812800192
1122.jpg,483.90336735523834
1123.jpg,252.2276297031667
1124.jpg,334.94300690226873
1125.jpg,318.7592459784499
1126.jpg,192.32099388612
1127.jpg,214.4551169371782
1128.jpg,184.1471941785842
1129.jpg,198.33476252684545
1130.jpg,316.24148276287593
1131.jpg,276.3224526367297
1132.jpg,236.9084798519319
1133.jpg,260.2342856096721
1134.jpg,260.5927782372043
1135.jpg,353.54728308266334
1136.jpg,276.57586975540534
1137.jpg,243.39240252658095
1138.jpg,196.36660946542457
1139.jpg,280.87422510389626
1140.jpg,458.3710662979255
1141.jpg,228.84521235143913
1142.jpg,179.47948406813288
1143.jpg,223.51814258553577
1144.jpg,194.88048986696742
1145.jpg,245.4884129681282
1146.jpg,283.31101605345646
1147.jpg,175.19506140831064
1148.jpg,165.86421955706822
1149.jpg,216.87016106588294
1150.jpg,289.91584908107296
1151.jpg,275.6512043555187
1152.jpg,201.70624428258768
1153.jpg,196.7997035702103
1154.jpg,178.15594135750572
1155.jpg,212.39482672593522
1156.jpg,261.96312040655994
1157.jpg,227.69295652434863
1158.jpg,260.8517216669617
1159.jpg,264.56455781352236
1160.jpg,306.2927591577874
1161.jpg,193.58078605998674
1162.jpg,202.0886850879861
1163.jpg,223.19229467393666
1164.jpg,210.73837752080914
1165.jpg,364.9660495960616
1166.jpg,263.627359091125
1167.jpg,1645.4407875757784
1168.jpg,257.1318823387109
1169.jpg,346.1785158328316
1170.jpg,203.15524321659103
1171.jpg,284.34607883409285
1172.jpg,373.9112743317912
1173.jpg,454.822612915489
1174.jpg,242.54144091118548
1175.jpg,298.4911598801869
1176.jpg,370.58881913406327
1177.jpg,183.81783478427374
1178.jpg,206.93717086448353
1179.jpg,274.28638949440017
1180.jpg,262.4022868767278
1181.jpg,214.54569951115232
1182.jpg,250.44593062833175
1183.jpg,198.23295551998902
1184.jpg,263.1137401957889
1185.jpg,269.51937975553795
1186.jpg,279.72151496650093
1187.jpg,274.4530618858283
1188.jpg,319.0882892706683
1189.jpg,237.73468048694414
1190.jpg,221.81059117214517
1191.jpg,229.9569392738847
1192.jpg,283.0706866384864
1193.jpg,303.9163865262086
1194.jpg,266.8957821998663
1195.jpg,260.08507907444755
1196.jpg,567.5995291623415
1197.jpg,254.27442079022015
1198.jpg,257.69509194328566
1199.jpg,257.82993089040855
1200.jpg,209.28512365969362
1201.jpg,191.7935735220438
1202.jpg,211.05963785457084
1203.jpg,218.2889239659696
1204.jpg,661.5383702620909
1205.jpg,238.10431888987017
1206.jpg,205.62113528846552
1207.jpg,459.6726324460386
1208.jpg,252.7366445624142
1209.jpg,504.52034691291345
1210.jpg,462.4786506060179
1211.jpg,1185.442490159148
1212.jpg,247.27033594737833
1213.jpg,212.27599490624306
1214.jpg,251.47842935862678
1215.jpg,274.6807338320594
1216.jpg,236.12497427837354
1217.jpg,224.67348031441588
1218.jpg,270.54233047819713
1219.jpg,422.7161275112296
1220.jpg,288.9493786393852
1221.jpg,231.95427309646277
1222.jpg,464.6773960119081
1223.jpg,240.8627180466772
1224.jpg,289.2657540055764
1225.jpg,565.3968579563007
1226.jpg,290.4574621108209
1227.jpg,315.593240108693
1228.jpg,345.03320319048976
1229.jpg,214.31524990791934
1230.jpg,258.19496815471933
1231.jpg,1014.500451845019
1232.jpg,1321.071290278707
1233.jpg,1130.7949897170474
1234.jpg,1117.4984933684295
1235.jpg,2612.9438630034647
1236.jpg,395.1664836494569
1237.jpg,578.042655980494
1238.jpg,495.4536129064346
1239.jpg,190.74797097901612
1240.jpg,208.3866984158797
1241.jpg,1151.9932221822573
1242.jpg,246.57661427751205
1243.jpg,290.7418966042477
1244.jpg,280.3144020786502
1245.jpg,354.70536967530165
1246.jpg,283.12655653016554
1247.jpg,314.8163173557487
1248.jpg,322.6769135620778
1249.jpg,389.9718202252862
1250.jpg,2691.632373200566
1251.jpg,258.70262535982425
1252.jpg,353.9483277740649
1253.jpg,264.60194235588756
1254.jpg,264.6019423558874
1255.jpg,258.75537108651
1256.jpg,401.3942835926406
1257.jpg,401.3942835926404
1258.jpg,248.4631853502329
1259.jpg,269.81277961104854
1260.jpg,379.75204973019135
1261.jpg,264.60194235588733
1262.jpg,446.5483203042925
1263.jpg,258.7553710865097
1264.jpg,379.7520497301917
1265.jpg,269.81277961104826
1266.jpg,353.9483277740649
1267.jpg,258.70262535982476
1268.jpg,446.5483203042925
1269.jpg,248.46318535023306
1270.jpg,272.5767999893712
1271.jpg,266.3351618430164
1272.jpg,258.1762524598887
1273.jpg,286.3729136840201
1274.jpg,242.25812082458987
1275.jpg,233.1437104781768
1276.jpg,266.1557367616878
1277.jpg,278.4674405988636
1278.jpg,277.0865391912937
1279.jpg,258.1063183467566
1280.jpg,259.6798342520143
1281.jpg,286.5157361362025
1282.jpg,263.25799764857186
1283.jpg,295.16068268251195
1284.jpg,280.0199394218239
1285.jpg,283.97947111956637
1286.jpg,273.7982820746166
1287.jpg,245.86409774983952
1288.jpg,162.69253782495062
1289.jpg,683.1667622821739
1290.jpg,472.63294304304486
1291.jpg,248.32879514615865
1292.jpg,207.69895027732423
1293.jpg,255.19532490179117
1294.jpg,680.5705450386608
1295.jpg,255.92729434079942
1296.jpg,488.49238218745404
1297.jpg,670.2638990489015
1298.jpg,253.58144161026837
1299.jpg,225.89977951516212
1300.jpg,277.7949328158201
1301.jpg,261.8282534812794
1302.jpg,237.67285802365816
1303.jpg,283.50427374414414
1304.jpg,241.85503122263265
1305.jpg,258.1537796353727
1306.jpg,266.6787368626034
1307.jpg,310.4951254350375
1308.jpg,199.9532867729165
1309.jpg,301.70469958035477
1310.jpg,1754.458884317594
1311.jpg,1553.665174095366
1312.jpg,1340.6686780396308
1313.jpg,2762.841758828361
1314.jpg,1653.661356873767
1315.jpg,1558.6142313611667
1316.jpg,488.2294614348225
1317.jpg,529.6659051765156
1318.jpg,554.9879809034724
1319.jpg,616.3935099350361
1320.jpg,369.0984469132484
1321.jpg,372.0219837988616
1322.jpg,256.5476130674082
1323.jpg,343.6520590665962
1324.jpg,355.1653633853515
1325.jpg,309.69267797468797
1326.jpg,314.66242197930757
1327.jpg,264.6035707384875
1328.jpg,308.5081671080709
1329.jpg,266.99644881489405
1330.jpg,256.1795053803064
1331.jpg,266.1945773580589
1332.jpg,271.05390560015036
1333.jpg,289.087095602367
1334.jpg,291.72697754796906
1335.jpg,337.54132880811756
1336.jpg,309.79881562836306
1337.jpg,259.03116626161415
1338.jpg,248.3185084566306
1339.jpg,229.67726741367935
1340.jpg,250.38488610069678
1341.jpg,330.81034815278014
1342.jpg,309.7449468242327
1343.jpg,336.32732537289684
1344.jpg,497.5541975273475
1345.jpg,245.64023637362263
1346.jpg,280.8519148594044
1347.jpg,260.4392331160146
1348.jpg,282.8441634900949
1349.jpg,0.0
1350.jpg,2114.5429188704484
1351.jpg,237.20871064058795
1352.jpg,531.9213880951352
1353.jpg,228.23489703060187
1354.jpg,215.06600525925606
1355.jpg,255.63587257599474
1356.jpg,229.58132296205005
1357.jpg,379.8096178349384
1358.jpg,217.4875623673878
1359.jpg,347.3836043505937
1360.jpg,298.5576497308636
1361.jpg,269.62688766195737
1362.jpg,238.36744407773912
1363.jpg,282.25983473303023
1364.jpg,267.5808824819187
1365.jpg,220.91520663167256
1366.jpg,803.1027357848202
1367.jpg,351.0429553829613
1368.jpg,320.8754631568858
1369.jpg,304.3742478711263
1370.jpg,269.7465077474322
1371.jpg,277.1542854204569
1372.jpg,279.81706778776976
1373.jpg,340.5178928426763
1374.jpg,272.724707810589
1375.jpg,301.57005032373064
1376.jpg,256.3378372468425
1377.jpg,323.2394158867642
1378.jpg,342.14410928937957
1379.jpg,302.400516777247
1380.jpg,332.8965135964473
1381.jpg,313.53202597074204
1382.jpg,334.5674986921004
1383.jpg,338.2910868231572
1384.jpg,372.88339147888814
1385.jpg,276.4648242523958
1386.jpg,288.8731476347131
1387.jpg,354.04454519570504
1388.jpg,306.6695952533017
1389.jpg,292.70617405397417
1390.jpg,320.24080330997657
1391.jpg,343.2699613550702
1392.jpg,782.4264780958056
1393.jpg,288.87424914466555
1394.jpg,293.7689218091945
1395.jpg,244.65282699205315
1396.jpg,378.5217827701372
1397.jpg,421.6761680042641
1398.jpg,320.79272354508015
1399.jpg,409.8228546765286
1400.jpg,344.44090855633567
1401.jpg,346.87490779430044
1402.jpg,249.44300241733086
1403.jpg,284.48840525291956
1404.jpg,286.6563690622145
1405.jpg,272.08655680880696
1406.jpg,366.3494830515851
1407.jpg,267.7864541498627
1408.jpg,371.1754737600439
1409.jpg,447.5599053659561
1410.jpg,511.45590577522586
1411.jpg,704.6128823114508
1412.jpg,459.4532149491783
1413.jpg,510.46584023845884
1414.jpg,485.69863542317034
1415.jpg,2050.506984551268
1416.jpg,345.0948143867519
1417.jpg,509.6121227385747
1418.jpg,489.06305738966415
1419.jpg,503.09248938994716
1420.jpg,636.2430188745504
1421.jpg,3773.62409731336
1422.jpg,340.30048696653216
1423.jpg,309.5101297942375
1424.jpg,288.53396645121194
1425.jpg,275.65120435551864
1426.jpg,212.23180752248854
1427.jpg,441.71138896986923
1428.jpg,409.2648727774031
1429.jpg,811.0995702175097
1430.jpg,301.27528978495747
1431.jpg,592.5633076856653
1432.jpg,278.26919947545906
1433.jpg,269.3293977196038
1434.jpg,338.6689082203009
1435.jpg,258.92611829047826
1436.jpg,278.88881886376157
1437.jpg,312.35422865350574
1438.jpg,357.01769686190767
1439.jpg,408.01644797343005
1440.jpg,298.81293767491775
1441.jpg,325.78773345333894
1442.jpg,275.5333517999199
1443.jpg,295.1520927002082
1444.jpg,287.08431699723127
1445.jpg,254.04629979564038
1446.jpg,253.88779796217125
1447.jpg,242.8186089842678
1448.jpg,266.3964347376687
1449.jpg,254.70344115778292
1450.jpg,248.44611044381017
1451.jpg,191.4108014989405
1452.jpg,292.3897238265043
1453.jpg,197.75458900323397
1454.jpg,281.1925529134111
1455.jpg,208.99125604706296
1456.jpg,305.9997263430228
1457.jpg,198.3535164120074
1458.jpg,179.6051319423085
1459.jpg,225.0215334545643
1460.jpg,377.99366139485693
1461.jpg,226.0216315557882
1462.jpg,197.47453306854925
1463.jpg,460.5187297436208
1464.jpg,327.67708222683603
1465.jpg,216.09417790896953
1466.jpg,222.84599296273262
1467.jpg,285.76323702735357
1468.jpg,381.8743012467737
1469.jpg,540.1556703313348
1470.jpg,405.4950667945359
1471.jpg,502.7307891177692
1472.jpg,871.1596508064204
1473.jpg,613.9838428963467
1474.jpg,893.7029415350838
1475.jpg,457.50636478174954
1476.jpg,1447.0936358265685
1477.jpg,972.060802172523
1478.jpg,1016.0161166674516
1479.jpg,232.96740178207352
1480.jpg,330.24710240249436
1481.jpg,381.5920036899867
1482.jpg,200.57046821961987
1483.jpg,350.69139593351014
1484.jpg,275.57758972400853
1485.jpg,274.36641135702115
1486.jpg,253.0295557799124
1487.jpg,316.2960197372769
1488.jpg,347.453481070499
1489.jpg,374.5254563061336
1490.jpg,230.59837766222262
1491.jpg,230.63366798668196
1492.jpg,180.45574283447246
1493.jpg,180.47176798645384
1494.jpg,204.70883073180988
1495.jpg,204.70883073181133
1496.jpg,304.598257671211
1497.jpg,511.504766091273
1498.jpg,362.24101437647
1499.jpg,260.2847605582085
1500.jpg,452.280178612356
1501.jpg,897.3384746715451
1502.jpg,1950.7186315616075
1503.jpg,786.3641392989424
1504.jpg,295.5457186105778
1505.jpg,236.10025352223806
1506.jpg,385.1561495549329
1507.jpg,315.2107165218121
1508.jpg,337.506785574846
1509.jpg,369.4154708022804
1510.jpg,410.0658049269705
1511.jpg,311.9233813414435
1512.jpg,413.9024223002788
1513.jpg,222.67591981724104
1514.jpg,246.7193318754839
1515.jpg,220.44363132335712
1516.jpg,221.95963140735995
1517.jpg,202.54959751340408
1518.jpg,236.2468359786322
1519.jpg,219.93455431679772
1520.jpg,258.1267569459231
1521.jpg,200.93231059732278
1522.jpg,257.9648676556574
1523.jpg,248.83899600822357
1524.jpg,223.36623423875443
1525.jpg,214.06027438096206
1526.jpg,208.8645907700255
1527.jpg,239.65246779930436
1528.jpg,255.69450186184173
1529.jpg,313.08555121076154
1530.jpg,399.11889237604703
1531.jpg,362.99404413406427
1532.jpg,209.62895529646443
1533.jpg,195.20631017576133
1534.jpg,201.858373931984
1535.jpg,207.34980914760473
1536.jpg,222.6614482103191
1537.jpg,187.2837412067391
1538.jpg,183.12643057990587
1539.jpg,183.11222893376026
1540.jpg,185.3483601810607
1541.jpg,229.17041629494085
1542.jpg,874.1955902677014
1543.jpg,399.27268806453054
1544.jpg,428.2948512935771
1545.jpg,313.71895550714464
1546.jpg,236.88292751676295
1547.jpg,246.03185983214345
1548.jpg,307.5004840794782
1549.jpg,261.837021153771
1550.jpg,267.7530268397061
1551.jpg,291.6389969875665
1552.jpg,327.9688662303298
1553.jpg,333.75911168108587
1554.jpg,288.0113375741515
1555.jpg,261.43962653014734
1556.jpg,279.24382873635295
1557.jpg,261.8662372156779
1558.jpg,233.9247453365098
1559.jpg,391.59770634579894
1560.jpg,414.5670490299653
1561.jpg,1495.885381446083
1562.jpg,359.00097019347254
1563.jpg,319.3051924974935
1564.jpg,366.34439088104455
1565.jpg,564.2756408425527
1566.jpg,377.14187664147516
1567.jpg,281.2445854600758
1568.jpg,488.911237351762
1569.jpg,463.2902100189484
1570.jpg,938.6777365089098
1571.jpg,266.3443121578582
1572.jpg,420.71407328839774
1573.jpg,377.6958417615697
1574.jpg,794.5770264682004
1575.jpg,569.8173477798168
1576.jpg,394.04175433231273
1577.jpg,271.16152273382284
1578.jpg,998.2953625097311
1579.jpg,1655.2291446919435
1580.jpg,285.3257624154634
1581.jpg,280.1749861734733
1582.jpg,1042.5765213174677
1583.jpg,319.1124986255824
1584.jpg,449.2978296305842
1585.jpg,258.8554196339194
1586.jpg,335.97441912677425
1587.jpg,297.55830281806004
1588.jpg,320.96634380935024
1589.jpg,407.2724871874784
1590.jpg,426.835491243661
1591.jpg,313.90016605402354
1592.jpg,389.3049532607321
1593.jpg,425.5862917687472
1594.jpg,423.6718536967185
1595.jpg,418.5314208747354
1596.jpg,331.4408340408113
1597.jpg,227.55853283742658
1598.jpg,399.790053443272
1599.jpg,369.679292376091
1600.jpg,326.5489749920323
1601.jpg,366.60850887925324
1602.jpg,266.05994440105763
1603.jpg,350.2092339576993
1604.jpg,267.67310065933367
1605.jpg,366.2232814075093
1606.jpg,420.762940121181
1607.jpg,1751.1447536514072
1608.jpg,361.2807269958458
1609.jpg,417.84922888150106
1610.jpg,416.1487547070556
1611.jpg,394.7009764310344
1612.jpg,617.4616773881792
1613.jpg,284.92283090761526
1614.jpg,289.31719119203456
1615.jpg,401.098610402794
1616.jpg,347.43124010505545
1617.jpg,312.10825315264196
1618.jpg,438.5557274055878
1619.jpg,410.0053741983191
1620.jpg,456.5275532211231
1621.jpg,518.1580719248554
1622.jpg,290.5093235517708
1623.jpg,318.4623564039858
1624.jpg,340.5067365514259
1625.jpg,269.73753324548284
1626.jpg,294.2563433345927
1627.jpg,421.7514910454075
1628.jpg,337.4265605059645
1629.jpg,327.82923522611236
1630.jpg,331.39386121277545
1631.jpg,330.0164113312312
1632.jpg,366.28444030972844
1633.jpg,541.6456642873904
1634.jpg,372.5705997559902
1635.jpg,339.11189319116335
1636.jpg,326.4904395722218
1637.jpg,405.9576856218343
1638.jpg,360.43433285695875
1639.jpg,386.54789251497056
1640.jpg,1693.1948897076056
1641.jpg,623.4101093307477
1642.jpg,220.30605991217897
1643.jpg,218.3554353187359
1644.jpg,935.2638962867678
1645.jpg,961.6831802221321
1646.jpg,262.0533792252779
1647.jpg,269.4142160714432
1648.jpg,265.9046420393386
1649.jpg,303.79327431723846
1650.jpg,929.7736167225913
1651.jpg,564.3125960022857
1652.jpg,197.8066046196698
1653.jpg,205.2727525693098
1654.jpg,191.5379789472823
1655.jpg,198.09598183717918
1656.jpg,206.17828222378867
1657.jpg,146.0029556812901
1658.jpg,177.12302585404885
1659.jpg,183.0668184773039
1660.jpg,170.44090030004523
1661.jpg,215.43801718710995
1662.jpg,205.76687604132857
1663.jpg,186.37204428969167
1664.jpg,234.6031839066647
1665.jpg,183.20000518101222
1666.jpg,178.63701073913785
1667.jpg,197.66647392143977
1668.jpg,213.1126685271863
1669.jpg,206.8381083217344
1670.jpg,185.58579886143391
1671.jpg,166.4765912085439
1672.jpg,188.95716553737782
1673.jpg,197.93856727843087
1674.jpg,182.81041747045506
1675.jpg,194.29902757297913
1676.jpg,195.58485570718884
1677.jpg,235.37857835315486
1678.jpg,178.94986513117433
1679.jpg,247.57228329317348
1680.jpg,185.46438549272912
1681.jpg,213.81872818984783
1682.jpg,176.7301754769544
1683.jpg,179.2003713689647
1684.jpg,189.57712986579986
1685.jpg,131.88647607332166
1686.jpg,131.41247225169218
1687.jpg,189.1735166487103
1688.jpg,424.81380238473406
1689.jpg,512.0847108731589
1690.jpg,254.1020150662133
1691.jpg,152.42373329706282
1692.jpg,153.03724340128733
1693.jpg,275.09708335602687
1694.jpg,237.9466517944569
1695.jpg,159.2423580883373
1696.jpg,462.8347866515247
1697.jpg,284.3922338259344
1698.jpg,303.9566314141583
1699.jpg,279.24083752541577
1700.jpg,302.63216762279274
1701.jpg,278.825604237985
1702.jpg,283.4393260348347
1703.jpg,348.8365582494604
1704.jpg,711.0589091285227
1705.jpg,505.0606039338894
1706.jpg,429.5149217682707
1707.jpg,174.16587466508923
1708.jpg,205.49628846929204
1709.jpg,214.8117969316841
1710.jpg,160.54625396874687
1711.jpg,164.57348680127706
1712.jpg,365.40346777882166
1713.jpg,770.5816555613709
1714.jpg,249.1076749635649
1715.jpg,429.47498483493104
1716.jpg,239.25198367327295
1717.jpg,255.78376236433277
1718.jpg,269.0228972662198
1719.jpg,213.60122460465865
1720.jpg,402.7825164600698
1721.jpg,438.1743942545304
1722.jpg,452.7062193704145
1723.jpg,500.72462433056756
1724.jpg,451.74348104205654
1725.jpg,334.10294934950196
1726.jpg,340.8881350237738
1727.jpg,221.95914414551763
1728.jpg,253.84772459893304
1729.jpg,394.53325610086205
1730.jpg,556.6265895241422
1731.jpg,229.89125323937216
1732.jpg,726.515714468452
1733.jpg,640.023364981893
1734.jpg,212.02745149061877
1735.jpg,273.63480097962594
1736.jpg,198.18920111953048
1737.jpg,293.48970317089174
1738.jpg,404.75705358422834
1739.jpg,369.7141061505409
1740.jpg,789.7993098117603
1741.jpg,365.5021464234279
1742.jpg,343.49579826657185
1743.jpg,319.0185941117514
1744.jpg,529.7010942182942
1745.jpg,412.97651344563855
1746.jpg,361.748724188147
1747.jpg,197.96677869691874
1748.jpg,294.0283721828492
1749.jpg,200.31994815844413
1750.jpg,176.3586595093921
1751.jpg,196.1954696673626
1752.jpg,194.35693120251815
1753.jpg,205.8126863898112
1754.jpg,209.32517805569432
1755.jpg,220.3819023879579
1756.jpg,211.78898685123366
1757.jpg,204.96506287466087
1758.jpg,250.95102537933246
1759.jpg,232.1573096546679
1760.jpg,214.5285222187985
1761.jpg,236.7549799689785
1762.jpg,217.08109357311298
1763.jpg,239.96228032993005
1764.jpg,200.7254403531699
1765.jpg,234.4867608440079
1766.jpg,272.1857576157742
1767.jpg,238.1029357882859
1768.jpg,241.69473407262484
1769.jpg,206.16916112437806
1770.jpg,241.0047849388414
1771.jpg,165.08646254743618
1772.jpg,188.52133193490207
1773.jpg,221.26213775369123
1774.jpg,221.56407560606414
1775.jpg,1052.8694520178008
1776.jpg,418.46592108472896
1777.jpg,624.5372430257631
1778.jpg,339.9771460490079
1779.jpg,401.1443710755687
1780.jpg,365.2487422589913
1781.jpg,354.3167592255031
1782.jpg,312.0928530244216
1783.jpg,281.5261876686192
1784.jpg,614.1867084795782
1785.jpg,363.3198139095673
1786.jpg,644.4284745284742
1787.jpg,421.27253822285235
1788.jpg,305.74061097195795
1789.jpg,300.87828092794865
1790.jpg,420.0011356697156
1791.jpg,246.24554585128368
1792.jpg,233.6887581613538
1793.jpg,314.5979605717837
1794.jpg,248.11332159774238
1795.jpg,241.6835836609519
1796.jpg,276.7521906785173
1797.jpg,392.53320058988544
1798.jpg,392.3358935085168
1799.jpg,392.2787223078056
1800.jpg,391.895091266262
1801.jpg,338.98526085915495
1802.jpg,338.8471139483972
1803.jpg,341.1851598038929
1804.jpg,325.97896939575753
1805.jpg,325.85812223714674
1806.jpg,503.71354121676524
1807.jpg,304.82419717469526
1808.jpg,269.93652604526557
1809.jpg,282.4543805829536
1810.jpg,231.4616123631885
1811.jpg,275.1337421034142
1812.jpg,278.22830849486934
1813.jpg,366.49141450556544
1814.jpg,456.143593846418
1815.jpg,546.3960326854829
1816.jpg,498.3456828263934
1817.jpg,814.5939566638748
1818.jpg,342.4293000272832
1819.jpg,2679.158782630844
1820.jpg,193.80009146824506
1821.jpg,1663.695020735468
1822.jpg,270.5658728150551
1823.jpg,277.6657532688782
1824.jpg,230.6186979129435
1825.jpg,265.60232790022576
1826.jpg,228.54965798470116
1827.jpg,280.1263980673985
1828.jpg,263.7930117641908
1829.jpg,272.94137525665343
1830.jpg,301.99775768000876
1831.jpg,264.36404063705135
1832.jpg,374.70465379617104
1833.jpg,499.0163920498136
1834.jpg,728.9455043021758
1835.jpg,480.78785497489434
1836.jpg,293.5519489233213
1837.jpg,274.10056469308034
1838.jpg,288.60129084974113
1839.jpg,192.9592237277098
1840.jpg,192.95922372770988
1841.jpg,336.58210495873215
1842.jpg,389.54006666337534
1843.jpg,248.0975424080689
1844.jpg,230.258695528062
1845.jpg,325.2487470722535
1846.jpg,359.692730303185
1847.jpg,266.90500295718783
1848.jpg,214.66718460925975
1849.jpg,225.36422036813653
1850.jpg,234.4011154786715
1851.jpg,317.94550076841824
1852.jpg,321.237821678991
1853.jpg,269.6470372957024
1854.jpg,336.0250712736147
1855.jpg,282.4403759369474
1856.jpg,279.9409921941018
1857.jpg,285.9535675656552
1858.jpg,295.45766652715105
1859.jpg,300.23097838072977
1860.jpg,258.1071285475878
1861.jpg,269.98331496636087
1862.jpg,241.3755791965291
1863.jpg,241.37856596486748
1864.jpg,354.6744737343546
1865.jpg,354.67447373435147
1866.jpg,372.89391644421306
1867.jpg,346.1443896936011
1868.jpg,256.46549346830034
1869.jpg,294.21294336245813
1870.jpg,282.94818712280863
1871.jpg,376.3276008434428
1872.jpg,274.48345153267513
1873.jpg,295.3714460850866
1874.jpg,295.3050645987143
1875.jpg,323.841500351127
1876.jpg,338.31330376080314
1877.jpg,306.3311340826191
1878.jpg,310.39347804360017
1879.jpg,300.2135601203633
1880.jpg,269.6807846659215
1881.jpg,639.3082599219094
1882.jpg,265.71610877577206
1883.jpg,350.92136036924495
1884.jpg,315.69397867427404
1885.jpg,420.2240121460937
1886.jpg,374.8099389186257
1887.jpg,290.0431527036595
1888.jpg,361.4825544301011
1889.jpg,291.69644322036464
1890.jpg,340.89714878446756
1891.jpg,418.79631047172614
1892.jpg,418.0650601819232
1893.jpg,221.9385668250747
1894.jpg,1249.0544431051144
1895.jpg,332.7777342505863
1896.jpg,476.4556072813071
1897.jpg,412.04274460173326
1898.jpg,233.8259505103785
1899.jpg,419.5379243342396
1900.jpg,639.870305895114
1901.jpg,238.56336527315145
1902.jpg,208.70582332699007
1903.jpg,564.4546616064586
1904.jpg,381.81980943234987
1905.jpg,656.0838948189083
1906.jpg,659.7820841915129
1907.jpg,783.6327222468306
1908.jpg,459.9694379365849
1909.jpg,285.517046708444
1910.jpg,322.05186386587025
1911.jpg,251.24441565157696
1912.jpg,222.74614633591995
1913.jpg,278.7189462984275
1914.jpg,390.79572696301966
1915.jpg,1043.7462820553862
1916.jpg,105.58301303055251
1917.jpg,232.6492012915744
1918.jpg,196.79279468574583
1919.jpg,264.1172481563779
1920.jpg,244.65430074996246
1921.jpg,236.34919066664742
1922.jpg,259.4820751613977
1923.jpg,301.9936323390138
1924.jpg,277.04395530496623
1925.jpg,302.343173841866
1926.jpg,1508.090945436652
1927.jpg,297.645208348561
1928.jpg,352.64415062117433
1929.jpg,285.7162221703497
1930.jpg,212.86268895100002
1931.jpg,427.0125834544975
1932.jpg,340.7480088218721
1933.jpg,321.0983581848608
1934.jpg,640.4717512021678
1935.jpg,230.48766939910493
1936.jpg,203.75204755183648
1937.jpg,223.86346646685584
1938.jpg,376.89843933446605
1939.jpg,505.07195713511334
1940.jpg,244.05687266350515
1941.jpg,416.5372636482868
1942.jpg,297.48630734395897
1943.jpg,579.9898799903884
1944.jpg,235.30843119328972
1945.jpg,286.9495360299476
1946.jpg,232.04466662948835
1947.jpg,252.85574713312317
1948.jpg,255.0823050509072
1949.jpg,349.44816933863683
1950.jpg,225.98088784843853
1951.jpg,408.43340969110756
1952.jpg,330.84479108961665
1953.jpg,224.970299762082
1954.jpg,225.01018977632495
1955.jpg,223.33574784391348
1956.jpg,279.4292021327399
1957.jpg,218.01112000124328
1958.jpg,238.48861235675534
1959.jpg,209.82899421463
1960.jpg,213.31838144670363
1961.jpg,234.8417690697188
1962.jpg,475.771603298051
1963.jpg,261.9800293332228
1964.jpg,414.01929296270856
1965.jpg,335.6557899644982
1966.jpg,337.5694744690743
1967.jpg,261.8220426590036
1968.jpg,236.83096580316905
1969.jpg,263.47719143358853
1970.jpg,301.7801964235604
1971.jpg,377.22732370561096
1972.jpg,567.7989888327453
1973.jpg,281.919103415604
1974.jpg,293.82133761502485
1975.jpg,266.8497328482916
1976.jpg,1528.1163965102924
1977.jpg,408.38755460727754
1978.jpg,566.1004250344839
1979.jpg,333.7854170477222
1980.jpg,294.019860360321
1981.jpg,324.64563209750156
1982.jpg,306.1205869140735
1983.jpg,328.7371681621958
1984.jpg,363.9088275292657
1985.jpg,1749.8704520224587
1986.jpg,363.50996708407746
1987.jpg,317.70928286938994
1988.jpg,276.62934137778325
1989.jpg,344.218158183949
1990.jpg,457.7516303677339
1991.jpg,293.69239550744413
1992.jpg,315.38151506171675
1993.jpg,759.7656969274713
1994.jpg,250.62845524583523
1995.jpg,239.41218701304456
1996.jpg,343.4665257923825
1997.jpg,366.4974407213154
1998.jpg,431.402712857502
1999.jpg,361.2715212430418
2000.jpg,371.11295024241
2001.jpg,657.4028006150797
2002.jpg,353.97005739278524
2003.jpg,324.4813235898695
2004.jpg,507.3575607342175
2005.jpg,298.57373875803654
2006.jpg,338.90247987552726
2007.jpg,394.15540449659164
2008.jpg,334.66145244631605
2009.jpg,348.79179898860133
2010.jpg,224.16026158527617
2011.jpg,189.96090555638904
2012.jpg,246.74891603426525
2013.jpg,536.43633410526
2014.jpg,259.5118402517183
2015.jpg,396.4484742002147
2016.jpg,274.5092557353966
2017.jpg,243.65620494311904
2018.jpg,283.70230980618635
2019.jpg,219.86089033046377
2020.jpg,237.73452585641448
2021.jpg,241.07691755906865
2022.jpg,314.64326356477187
2023.jpg,358.4155485104765
2024.jpg,310.9813115573858
2025.jpg,248.6120013522187
2026.jpg,357.2280910256821
2027.jpg,402.31305473479097
2028.jpg,272.9134983977737
2029.jpg,221.08187267741926
2030.jpg,216.47491273342052
2031.jpg,207.15314189844105
2032.jpg,261.4905022456164
2033.jpg,292.4883089178627
2034.jpg,834.4602606829058
2035.jpg,404.1973661657346
2036.jpg,320.8111676014947
2037.jpg,323.62133987099037
2038.jpg,337.9871749599778
2039.jpg,1779.323760601566
2040.jpg,644.4826805819575
2041.jpg,3643.1692671438564
2042.jpg,806.195063618742
2043.jpg,394.789945323667
2044.jpg,162.65724564066528
2045.jpg,361.0285242376046
2046.jpg,404.714435211877
2047.jpg,359.8138432845671
2048.jpg,586.5232861358405
2049.jpg,280.8779600362594
2050.jpg,371.32591044947344
2051.jpg,182.70823309873788
2052.jpg,223.31847056848707
2053.jpg,383.9430203838537
2054.jpg,305.473193867671
2055.jpg,277.58394384798714
2056.jpg,316.72799353827975
2057.jpg,309.17214549072236
2058.jpg,257.6102302403834
2059.jpg,235.45688252676024
2060.jpg,273.0427730185553
2061.jpg,503.51919904144773
2062.jpg,363.62318418802016
2063.jpg,1209.2713690503617
2064.jpg,327.17513126948836
2065.jpg,869.0012439882355
2066.jpg,1326.142189218439
2067.jpg,596.344630281997
2068.jpg,1210.703924084309
2069.jpg,952.1019528968799
2070.jpg,1260.0016774727296
2071.jpg,988.0231446148894
2072.jpg,640.0959837643182
2073.jpg,385.38628485474516
2074.jpg,356.3818144760033
2075.jpg,322.9463497432451
2076.jpg,447.2856606740167
2077.jpg,242.19770139520273
2078.jpg,168.59045929245178
2079.jpg,177.92393238325235
2080.jpg,1466.8422312072976
2081.jpg,497.6793686291425
2082.jpg,428.77435319061493
2083.jpg,336.52178083585017
2084.jpg,341.24235824202094
2085.jpg,332.92645687868844
2086.jpg,537.1146234301367
2087.jpg,689.512841881812
2088.jpg,445.0105542181589
2089.jpg,351.16543671460744
2090.jpg,428.7152438744988
2091.jpg,343.5214051086168
2092.jpg,405.0093270857216
2093.jpg,410.18888692460774
2094.jpg,591.2776293049193
2095.jpg,176.6138262810633
2096.jpg,306.06356876950775
2097.jpg,259.425255662934
2098.jpg,275.64098186577706
2099.jpg,223.18578801961178
2100.jpg,208.20380038322577
2101.jpg,380.4824952386346
2102.jpg,365.3254543262624
2103.jpg,226.86881600019123
2104.jpg,243.30528131767684
2105.jpg,256.0641896450909
2106.jpg,715.5648794507509
2107.jpg,511.07205784280177
2108.jpg,473.582492099434
2109.jpg,241.84929849319275
2110.jpg,134.27866130082995
2111.jpg,164.03040304923547
2112.jpg,182.87573145865326
2113.jpg,143.29747692231692
2114.jpg,353.97148710697496
2115.jpg,159.37053561345743
2116.jpg,175.94092925774936
2117.jpg,812.1272394785701
2118.jpg,263.24675161325587
2119.jpg,169.88710954108447
2120.jpg,193.36740964159614
2121.jpg,216.2164917472101
2122.jpg,194.78937690448205
2123.jpg,238.42535743182816
2124.jpg,228.29804466404553
2125.jpg,216.00544633285486
2126.jpg,238.81904191494297
2127.jpg,213.12644356293492
2128.jpg,247.94521907147652
2129.jpg,260.38972928797745
2130.jpg,313.7568952017142
2131.jpg,304.96219655281743
2132.jpg,241.2777190608826
2133.jpg,242.72825708162551
2134.jpg,380.29520506222707
2135.jpg,278.0229681865214
2136.jpg,367.6414652479358
2137.jpg,173.31647770396626
2138.jpg,336.5588494080843
2139.jpg,387.6081651103845
2140.jpg,193.66467042315796
2141.jpg,317.7782580242883
2142.jpg,300.24328689192504
2143.jpg,299.60505270514165
2144.jpg,478.0356869444674
2145.jpg,439.0496330235783
2146.jpg,356.839823147753
2147.jpg,404.36141318749293
2148.jpg,466.6584987402953
2149.jpg,625.8732726159523
2150.jpg,393.08253437590236
2151.jpg,597.5009002228255
2152.jpg,369.95783185038323
2153.jpg,410.71543551550917
2154.jpg,380.40461391924833
2155.jpg,446.64424066681437
2156.jpg,891.0941658294698
2157.jpg,419.82629604281396
2158.jpg,1217.546961299691
2159.jpg,346.8948996710073
2160.jpg,494.7309111469492
2161.jpg,306.3677231603446
2162.jpg,413.0503985991629
2163.jpg,399.5610784737704
2164.jpg,500.0846070365681
2165.jpg,392.8166901575128
2166.jpg,380.81034056784154
2167.jpg,493.26311823587343
2168.jpg,885.7052306485829
2169.jpg,315.7212559799244
2170.jpg,410.7697181259047
2171.jpg,664.2766821431433
2172.jpg,413.9784600038472
2173.jpg,1090.574827237546
2174.jpg,1842.3505619994899
2175.jpg,683.7201196300529
2176.jpg,683.9038006484191
2177.jpg,578.5632307992746
2178.jpg,729.2695292991947
2179.jpg,1244.5096589569814
2180.jpg,455.4632292525161
2181.jpg,354.14484279019473
2182.jpg,1309.1975180742907
2183.jpg,384.49834624014704
2184.jpg,531.5964020159226
2185.jpg,1212.894534468613
2186.jpg,362.51612920188586
2187.jpg,993.506344804517
2188.jpg,597.1379175691585
2189.jpg,548.2219102164064
2190.jpg,424.3536428905139
2191.jpg,342.97881539827375
2192.jpg,707.8862190460995
2193.jpg,536.4249744736186
2194.jpg,435.0975172064032
2195.jpg,217.1761129661941
2196.jpg,230.15446557916488
2197.jpg,299.0188377044962
2198.jpg,312.2312778037051
2199.jpg,251.2828420226796
2200.jpg,299.1412595176585
2201.jpg,374.94229508639523
2202.jpg,366.0949954263788
2203.jpg,359.62375924195715
2204.jpg,355.3285980069873
2205.jpg,429.0818548649867
2206.jpg,365.025037021504
2207.jpg,378.05245054039796
2208.jpg,377.7025512852738
2209.jpg,355.3285980069834
2210.jpg,1692.691727961762
2211.jpg,1692.691727961762
2212.jpg,279.299157070871
2213.jpg,320.27508779337614
2214.jpg,3387.055095610398
2215.jpg,3387.055095610398
2216.jpg,313.67733963575256
2217.jpg,300.0197653782448
2218.jpg,301.35785928452947
2219.jpg,275.8888969419264
2220.jpg,324.3353227047779
2221.jpg,258.9604834514966
2222.jpg,438.3117133015699
2223.jpg,603.1632702549222
2224.jpg,341.854432627012
2225.jpg,224.34594898151073
2226.jpg,272.4232542883354
2227.jpg,262.2928710864725
2228.jpg,302.599916896914
2229.jpg,390.04452590903765
2230.jpg,312.8826877515437
2231.jpg,301.96905785592924
2232.jpg,318.40801540230984
2233.jpg,289.0829737083325
2234.jpg,389.3962900422783
2235.jpg,307.1280158545387
2236.jpg,271.9567366294658
2237.jpg,341.31604189917294
2238.jpg,384.6714942685389
2239.jpg,254.78190139136365
2240.jpg,254.89893083417635
2241.jpg,282.16958311706395
2242.jpg,361.0565857098974
2243.jpg,309.02312659879715
2244.jpg,313.097754972201
2245.jpg,239.0390521054068
2246.jpg,2598.514462042846
2247.jpg,2598.51446204284
2248.jpg,357.1085198277784
2249.jpg,334.7217922071344
2250.jpg,445.69996742993726
2251.jpg,323.2982925483645
2252.jpg,187.48113759283538
2253.jpg,238.5903325036434
2254.jpg,266.60770662102175
2255.jpg,313.3385723841995
2256.jpg,328.4427113376489
2257.jpg,327.2606764317385
2258.jpg,405.6118311714059
2259.jpg,271.26122430493405
2260.jpg,383.4865206266558
2261.jpg,302.77207144167977
2262.jpg,303.3307033373478
2263.jpg,396.25833352706627
2264.jpg,282.08493171004466
2265.jpg,2059.488604261965
2266.jpg,372.103428106493
2267.jpg,363.1457941143196
2268.jpg,392.89286213913505
2269.jpg,405.662927978602
2270.jpg,420.87803525704595
2271.jpg,3884.2741437452755
2272.jpg,3884.2741437452755
2273.jpg,3884.2741437452764
2274.jpg,3884.2741437452764
2275.jpg,3884.2741437452764
2276.jpg,3884.274143745273
2277.jpg,3884.2741437452764
2278.jpg,3884.2741437452764
2279.jpg,3884.2741437452764
2280.jpg,3884.2741437452764
2281.jpg,3884.2741437452764
2282.jpg,3884.2741437452764
2283.jpg,3884.2741437452764
2284.jpg,3884.2741437452764
2285.jpg,1437.4071556838123
2286.jpg,1975.824356455667
2287.jpg,510.54266407706916
2288.jpg,442.36071116809666
2289.jpg,687.7423314555574
2290.jpg,325.3870469970723
2291.jpg,393.588332598136
2292.jpg,326.6840948308042
2293.jpg,369.46027421899544
2294.jpg,266.49786465391
2295.jpg,378.7788562394047
2296.jpg,488.41585630781833
2297.jpg,266.8785573717904
2298.jpg,242.9142902972228
2299.jpg,423.18452006054554
2300.jpg,404.28400226860447
2301.jpg,360.3320769963169
2302.jpg,364.54335997988676
2303.jpg,349.902547303197
2304.jpg,340.9973336262714
2305.jpg,368.33600397666976
2306.jpg,332.44820629445326
2307.jpg,371.2442945521544
2308.jpg,324.16413644106774
2309.jpg,377.9547050677819
2310.jpg,398.6643800377463
2311.jpg,313.44793868099447
2312.jpg,383.88500511330693
2313.jpg,477.4959974756803
2314.jpg,902.7402845070422
2315.jpg,351.501892487365
2316.jpg,290.3666291638526
2317.jpg,346.5563093834128
2318.jpg,355.0553696228967
2319.jpg,403.693942943813
2320.jpg,309.41764209389106
2321.jpg,956.6975410564264
2322.jpg,531.2612590500604
2323.jpg,364.2578911753314
2324.jpg,279.50426779394456
2325.jpg,372.1638963992855
2326.jpg,248.25114608367758
2327.jpg,752.6369081601626
2328.jpg,417.5344988498944
2329.jpg,279.1259070093197
2330.jpg,1493.5104118651327
2331.jpg,395.12491876452606
2332.jpg,236.84400782364867
2333.jpg,392.99232910591036
2334.jpg,343.6822785515488
2335.jpg,244.29070188421727
2336.jpg,372.19867506754883
2337.jpg,402.5434546600861
2338.jpg,387.43922990774473
2339.jpg,479.79211451186535
2340.jpg,395.76724849611094
2341.jpg,289.3659714036859
2342.jpg,286.56267883130533
2343.jpg,330.92004151910646
2344.jpg,314.7649635487246
2345.jpg,268.0986466416808
2346.jpg,432.6448410658302
2347.jpg,344.39333267082264
2348.jpg,318.54271073211623
2349.jpg,411.9078236024412
2350.jpg,396.4697244585508
2351.jpg,710.103817634451
2352.jpg,366.10490318758934
2353.jpg,382.39890686275817
2354.jpg,323.35023780411484
2355.jpg,325.11043081226626
2356.jpg,375.8571295198371
2357.jpg,384.01422751332075
2358.jpg,744.3079064653036
2359.jpg,400.26781786128254
2360.jpg,413.1188454830013
2361.jpg,458.7758149265215
2362.jpg,1855.717102594895
2363.jpg,477.5521863532554
2364.jpg,405.7533403216781
2365.jpg,364.77288623286256
2366.jpg,567.3837847029829
2367.jpg,790.4449828964772
2368.jpg,778.9502257313547
2369.jpg,1107.2238024070011
2370.jpg,1145.5801180462868
2371.jpg,791.254991018916
2372.jpg,278.8392748428746
2373.jpg,221.9297494670751
2374.jpg,248.7819170561078
2375.jpg,238.9717784628417
2376.jpg,247.82672922953375
2377.jpg,250.008016073134
2378.jpg,246.43385393974793
2379.jpg,250.31057002277925
2380.jpg,1565.6650935506168
2381.jpg,337.3126361861283
2382.jpg,320.8497355100025
2383.jpg,336.39952748730684
2384.jpg,307.137763132004
2385.jpg,237.67208316232995
2386.jpg,221.6069466930763
2387.jpg,173.68531151609
2388.jpg,337.7921506149002
2389.jpg,255.40235720824955
2390.jpg,461.7945162824763
2391.jpg,310.4627566623728
2392.jpg,312.0180533158867
2393.jpg,462.52511917099605
2394.jpg,294.9484247241525
2395.jpg,340.60704144085463
2396.jpg,334.200889460199
2397.jpg,398.84170945712566
2398.jpg,344.7095929508637
2399.jpg,201.47912634729295
2400.jpg,314.79157276670946
2401.jpg,338.79845700450863
2402.jpg,324.244298356092
2403.jpg,338.6119359909258
2404.jpg,334.7998180607336
2405.jpg,361.58036778535063
2406.jpg,304.1088219371436
2407.jpg,369.06949462338827
2408.jpg,356.84024745069127
2409.jpg,337.5198961199343
2410.jpg,363.42622385077584
2411.jpg,318.0048259880793
2412.jpg,332.02620044882025
2413.jpg,282.7256834182964
2414.jpg,304.46912411081735
2415.jpg,310.36552444494697
2416.jpg,383.39266950368216
2417.jpg,325.6431719003059
2418.jpg,461.17981482283017
2419.jpg,327.8717791984258
2420.jpg,330.8159751185149
2421.jpg,348.9728982914857
2422.jpg,347.89373331136943
2423.jpg,344.50794220953367
2424.jpg,383.5086609737239
2425.jpg,292.9032251647377
2426.jpg,317.35640745438377
2427.jpg,373.396124502312
2428.jpg,303.7293362795125
2429.jpg,266.3606831846352
2430.jpg,553.5866358213497
2431.jpg,486.62293466676454
2432.jpg,452.24081175764127
2433.jpg,2164.1770549531466
2434.jpg,880.9817912798854
2435.jpg,736.2307421198501
2436.jpg,370.36431323172224
2470.jpg,702.623140419978
2471.jpg,293.5263155791235
2472.jpg,335.7387928870186
2473.jpg,424.8100806089168
2474.jpg,534.8574062160465
2502.jpg,573.403409941491
2503.jpg,334.643458639515
2504.jpg,1000.6925381261335
2505.jpg,419.3559113145364
2506.jpg,250.688390435333
2534.jpg,1135.859184984746
2535.jpg,955.8909245448108
2536.jpg,1412.3328653529527
2537.jpg,1522.05214099535
2588.jpg,542.8902829128107
2589.jpg,2767.5386181920535
2590.jpg,2732.5823246848913
2591.jpg,3032.1635933466746
2593.jpg,2536.1971497169066
2620.jpg,374.4327282532731
2621.jpg,1126.22325621033
2622.jpg,490.9398825090975
2623.jpg,2392.606461219732
2625.jpg,372.2529736749259
2652.jpg,2614.1670999031453
2653.jpg,2861.243958686698
2654.jpg,2407.5669234000097
2655.jpg,1430.5908214145813
2657.jpg,1619.6541210237635
2685.jpg,275.4091002388139
2686.jpg,272.08790411385417
2687.jpg,438.917815418278
2688.jpg,356.2553421500369
2689.jpg,404.90567262618083
2690.jpg,466.6719431687512
2691.jpg,625.809952114742
2692.jpg,392.91573628644284
2693.jpg,370.83286595793766
2694.jpg,380.4540870936228
2695.jpg,445.9877095932208
2696.jpg,346.85826785011267
2697.jpg,494.73211039897814
2698.jpg,306.42096976821654
2699.jpg,413.1337441045949
2700.jpg,381.01535002638417
2701.jpg,492.58511716853036
2702.jpg,314.28290491463923
2703.jpg,410.8049435883076
2704.jpg,414.1556623102051
2705.jpg,385.01737174804646
2706.jpg,531.5996180172581
2707.jpg,1213.0189314991803
2708.jpg,361.4883846336911
2709.jpg,993.5972766983629
2710.jpg,477.81045483266445
2711.jpg,597.6539271101971
2712.jpg,411.223855715352
2713.jpg,399.53865204569007
2714.jpg,498.23767073904725
2715.jpg,392.92024924636894
2716.jpg,885.5065157388232
2717.jpg,663.9908859942352
2718.jpg,1090.7049805807521
2719.jpg,1842.3888369419249
2720.jpg,684.0732342127936
2721.jpg,588.6834713149052
2722.jpg,729.2509758328653
2723.jpg,1244.7488775090233
2724.jpg,455.4572280712999
2725.jpg,354.06450976071375
2726.jpg,1309.1090015144287
2727.jpg,891.6594545053481
2728.jpg,419.84701495149267
2729.jpg,247.14435546092585
2730.jpg,638.7387622056525
2731.jpg,315.8675222006775
2732.jpg,351.4960289036837
2733.jpg,261.3506649788215
2734.jpg,260.65052042124546
2735.jpg,540.41574637962
2736.jpg,368.3420517911763
2737.jpg,391.09949762160124
2738.jpg,354.7729916096754
2739.jpg,347.4522836923792
2740.jpg,504.7045510313749
2741.jpg,355.1677497700451
2742.jpg,318.8179380877077
2743.jpg,284.82141293157895
2744.jpg,271.894667512762
2745.jpg,448.00630704745845
2746.jpg,352.876873962129
2747.jpg,340.4307246606369
2748.jpg,394.0889029036283
2749.jpg,341.8942726094273
2750.jpg,338.8392303695821
2751.jpg,392.8761928577153
2752.jpg,336.3984230346995
2753.jpg,369.15333737423697
2754.jpg,388.3123024058611
2755.jpg,465.4286775746924
2756.jpg,552.1835807919539
2757.jpg,422.2683268730909
2758.jpg,618.8506608325616
2759.jpg,671.9219119145007
2760.jpg,309.5805180248954
2761.jpg,617.0082774174131
2762.jpg,386.0357929502923
2763.jpg,291.2221959538185
2764.jpg,1258.7428629121127
2765.jpg,219.52429123223433
2766.jpg,249.81744447576494
2767.jpg,2522.3345027302735
2768.jpg,2130.517437427337
2769.jpg,280.0558715287247
2770.jpg,121.07360635621177
2771.jpg,287.6936741097504
2772.jpg,383.0312583591955
2773.jpg,281.38836139620906
2774.jpg,670.1635347402507
2775.jpg,250.4185960301605
2776.jpg,382.62489216746417
2777.jpg,254.01688305090505
2778.jpg,241.5341319564565
2779.jpg,266.9593168262644
2780.jpg,206.21306032414262
2781.jpg,210.29976128101094
2782.jpg,248.8790413955433
2783.jpg,261.82097939463847
2784.jpg,275.20793145316196
2785.jpg,261.89351288516104
2786.jpg,282.16268132802145
2787.jpg,177.87217551071072
2788.jpg,292.9799827454809
2789.jpg,219.2904693205484
2790.jpg,462.9804563202296
2791.jpg,191.8707713987223
2792.jpg,399.3625283623693
2793.jpg,320.85893310926537
2794.jpg,389.17247410886944
2795.jpg,305.4155632095097
2796.jpg,179.2208712015762
2797.jpg,218.76711879928118
2798.jpg,177.67879272017777
2799.jpg,264.4630200082893
2800.jpg,201.35122066172624
2801.jpg,251.77424137601488
2802.jpg,264.3241438711179
2803.jpg,233.02428299689277
2804.jpg,395.59031786557574
2805.jpg,351.04409921456835
2806.jpg,288.88156317555803
2807.jpg,332.62813817978156
2808.jpg,737.5695821991301
2809.jpg,161.17904833231697
2810.jpg,235.87546716216357
2811.jpg,202.98328957090615
2812.jpg,262.81836451819663
2813.jpg,233.28348209822684
2814.jpg,197.15133122819282
2815.jpg,188.3316245655162
2816.jpg,242.31655408120542
2817.jpg,254.79444229196525
2818.jpg,282.52202200631837
2819.jpg,362.7572554956347
2820.jpg,202.53749124902788
2821.jpg,233.34562971648293
2822.jpg,217.5439219756284
2823.jpg,253.33525664771133
2824.jpg,240.96493450295017
2825.jpg,256.6939922306723
2826.jpg,243.82703897253518
2827.jpg,258.22573459966895
2828.jpg,641.9133937232167
2829.jpg,912.621052514933
2830.jpg,821.9793945432546
2831.jpg,537.9726751489685
2832.jpg,413.07503487651894
2833.jpg,436.1073804090814
2834.jpg,444.3661501458344
2835.jpg,1940.0023550540552
2836.jpg,356.3713107802617
2837.jpg,283.88754345918835
2838.jpg,198.2533334115026
2839.jpg,279.8807334400018
2840.jpg,224.6214525061961
2841.jpg,184.20922164405317
2842.jpg,283.88754345918835
2843.jpg,213.95947998295873
2844.jpg,202.57298448142663
2845.jpg,184.20922164405312
2846.jpg,279.8807334400018
2847.jpg,526.3465054477081
2848.jpg,389.4694767774926
2849.jpg,213.95947998296023
2850.jpg,224.62145250619614
2851.jpg,415.83231595754324
2852.jpg,488.92433469018493
2853.jpg,532.3000126126487
2854.jpg,317.45916677002134
2855.jpg,262.11312085874664
2856.jpg,702.2483452397441
2857.jpg,254.79863116900688
2858.jpg,506.4611072042855
2859.jpg,368.571186173622
2860.jpg,418.6174110247692
2861.jpg,418.0578389054899
2862.jpg,499.9216822166261
2863.jpg,432.69813224242296
2864.jpg,464.756273251096
2865.jpg,287.29342515050774
2866.jpg,734.2389074977599
2867.jpg,322.0979188462173
2868.jpg,373.80214242346085
2869.jpg,467.47474575248583
2870.jpg,404.70236975733
2871.jpg,302.4967159821086
2872.jpg,970.9639814098357
2873.jpg,430.4775349407265
2874.jpg,411.4012187864164
2875.jpg,265.9229957381577
2876.jpg,213.24678267540847
2877.jpg,367.8768507516308
2878.jpg,815.4814898778267
2879.jpg,233.0801281248382
2880.jpg,280.68141067150066
2881.jpg,534.8819617485491
2882.jpg,574.7080346752125
2883.jpg,479.28923737804746
2884.jpg,261.3116167495468
2885.jpg,306.45051733265876
2886.jpg,342.4737970382597
2887.jpg,348.64379542804124
2888.jpg,478.67353929701113
2889.jpg,452.7109231316719
2890.jpg,476.18186694266166
2891.jpg,230.54971532672224
2892.jpg,546.3125979195795
2893.jpg,540.323836985347
2894.jpg,245.33820718877263
2895.jpg,362.26131317646906
2896.jpg,364.2558354569932
2897.jpg,313.2698819608358
2898.jpg,461.4803987813722
2899.jpg,410.7685781322145
2900.jpg,308.1204268899347
2901.jpg,361.2505054022945
2902.jpg,351.25277026806526
2903.jpg,374.3877144079498
2904.jpg,365.3946327497651
2905.jpg,401.377772034423
2906.jpg,470.95832711626093
2907.jpg,339.65740177507587
2908.jpg,512.870017820024
2909.jpg,334.7863625573808
2910.jpg,341.1489043747144
2911.jpg,324.11083847346237
2912.jpg,381.2212921429972
2913.jpg,452.9844346490319
2914.jpg,423.59531398489264
2915.jpg,431.7939940574798
2916.jpg,370.89482945719357
2917.jpg,360.0199413624944
2918.jpg,822.4831394290785
2919.jpg,305.3719147353869
2920.jpg,301.96686388741784
2921.jpg,329.07034691608237
2922.jpg,344.58787699512544
2923.jpg,244.37101514907363
2924.jpg,262.22016212896386
2925.jpg,277.8091367099382
2926.jpg,243.50678937969144
2927.jpg,275.7247112596549
2928.jpg,262.9416062167078
2929.jpg,280.0946614012875
2930.jpg,319.408657333297
2931.jpg,403.3219886729574
2932.jpg,350.1226832988053
2933.jpg,326.6908532575267
2934.jpg,302.0348775785117
2935.jpg,298.4168878699351
2936.jpg,339.4197046025806
2937.jpg,411.2978778099134
2938.jpg,280.2672604421119
2939.jpg,253.71352393247162
2940.jpg,248.7180678725154
2941.jpg,355.5535075111569
2942.jpg,213.5031669277944
2943.jpg,232.57768414016834
2944.jpg,388.5545031724685
2945.jpg,934.7000053769812
2946.jpg,505.99486385319324
2947.jpg,786.2250614285202
2948.jpg,414.56372064796506
2949.jpg,313.0444559742021
2950.jpg,928.8536896781117
2951.jpg,433.6988003036814
2952.jpg,562.455439571445
2953.jpg,1741.4757837067275
2954.jpg,307.12806056476296
2955.jpg,307.6002565919489
2956.jpg,433.27889580072593
2957.jpg,1127.4678302672933
2958.jpg,467.4514051125539
2959.jpg,490.3365261774114
2960.jpg,292.3039026428019
2961.jpg,253.34565564118182
2962.jpg,320.7921226913521
2963.jpg,189.57015938769285
2964.jpg,213.23283410380765
2965.jpg,306.8015217014434
2966.jpg,255.6489757004669
2967.jpg,343.10716211924324
2968.jpg,185.7279970108436
2969.jpg,255.32979807683765
2970.jpg,242.5378496303551
2971.jpg,272.73845850489056
2972.jpg,330.1887446138007
2973.jpg,334.4117971826944
2974.jpg,317.41867825818383
2975.jpg,221.20032338694446
2976.jpg,377.53066863844424
2977.jpg,540.0197823902706
2978.jpg,756.3328297542611
2979.jpg,877.9450925389727
2980.jpg,1374.4620006057946
2981.jpg,285.51528657807467
2982.jpg,1044.5256426773892
2983.jpg,462.43563772084855
2984.jpg,1149.409761340474
2985.jpg,579.6273096274936
2986.jpg,197.60316078530013
2987.jpg,208.14206442217346
2988.jpg,192.79564204710658
2989.jpg,227.63604195781338
2990.jpg,206.67269153681147
2991.jpg,221.34109074730515
2992.jpg,227.64667758522324
2993.jpg,213.629674234448
2994.jpg,239.4350228308429
2995.jpg,207.54034610258097
2996.jpg,262.7440150229527
2997.jpg,224.2882561297862
2998.jpg,293.14614576740075
2999.jpg,349.9388137604685
3000.jpg,224.88917007827317
3001.jpg,319.2970217352826
3002.jpg,319.22309380965703
3003.jpg,307.4923978935848
3004.jpg,307.4586166006628
3005.jpg,267.40517295294626
3006.jpg,267.3954688341179
3007.jpg,247.5188892718771
3008.jpg,247.51888927188818
3009.jpg,553.2037092527456
3010.jpg,553.2037092527578
3011.jpg,373.2069532832352
3012.jpg,373.21485345215143
3013.jpg,343.54651340971435
3014.jpg,343.5465134097202
3015.jpg,294.73759919882536
3016.jpg,294.9013965938032
3017.jpg,489.86051759046575
3018.jpg,484.33154533189264
3019.jpg,447.77423477710795
3020.jpg,447.77423477710505
3021.jpg,276.00760048670077
3022.jpg,276.00760048670514
3023.jpg,145.55216219046613
3024.jpg,279.2211216644034
3025.jpg,323.1878071253585
3026.jpg,374.83888437694196
3027.jpg,323.9367268377702
3028.jpg,293.89480641236366
3029.jpg,512.1580694081362
3030.jpg,276.1462328000025
3031.jpg,285.6289043101902
3032.jpg,359.1281470701259
3033.jpg,425.6075682586168
3034.jpg,282.1882284125763
3035.jpg,219.28507641301357
3036.jpg,284.80378093175716
3037.jpg,270.7836548918959
3038.jpg,3790.7680846199046
3039.jpg,910.7532101271725
3040.jpg,930.5422648090748
3041.jpg,335.1962070154164
3042.jpg,357.22999825999136
3043.jpg,375.7228724522796
3044.jpg,430.8725713976492
3045.jpg,240.50966137984528
3046.jpg,260.4851839318784
3047.jpg,761.8476173864705
3048.jpg,331.0752147056237
3049.jpg,329.3488333535018
3050.jpg,389.48296478234175
3051.jpg,349.86501516757124
3052.jpg,316.2503386716376
3053.jpg,301.85230317787574
3054.jpg,675.6830689551191
3055.jpg,304.29770125008724
3056.jpg,328.90625610560005
3057.jpg,216.2105195889185
3058.jpg,268.9935909079418
3059.jpg,306.2450164573221
3060.jpg,293.30001192224705
3061.jpg,317.23082258773314
3062.jpg,236.67490912527197
3063.jpg,281.20421231365447
3064.jpg,221.1205758524517
3065.jpg,193.30879449190132
3066.jpg,190.82428935507133
3067.jpg,226.61550105635408
3068.jpg,296.9807088523166
3069.jpg,879.013899520542
3070.jpg,247.59451421635083
3071.jpg,1175.743275471821
3072.jpg,702.4082384324806
3073.jpg,2958.789355291022
3074.jpg,2958.7893552910223
3075.jpg,256.69700754148846
3076.jpg,238.37556390637914
3077.jpg,240.90349435303227
3078.jpg,229.25259872510588
3079.jpg,255.19315619036658
3080.jpg,313.65749335596223
3081.jpg,378.8310145986625
3082.jpg,245.45951179834952
3083.jpg,237.55110295759448
3084.jpg,239.75670874755943
3085.jpg,229.6377666830674
3086.jpg,257.72632351904804
3087.jpg,276.517999329246
3088.jpg,371.9890462086173
3089.jpg,245.4143304462288
3090.jpg,229.0635700165122
3091.jpg,260.7227715479179
3092.jpg,232.0740101479373
3093.jpg,210.28239720696482
3094.jpg,229.2525987251033
3095.jpg,238.37556390637914
3096.jpg,273.56966912029424
3097.jpg,226.5147770023753
3098.jpg,256.29895585912305
3099.jpg,382.66086056649607
3100.jpg,288.9747721192476
3101.jpg,534.9663739108993
3102.jpg,336.06796175433186
3103.jpg,360.6400061018227
3104.jpg,540.4730761249709
3105.jpg,327.76844931473204
3106.jpg,386.80428304766826
3107.jpg,335.1069130454649
3108.jpg,382.2356711213563
3109.jpg,410.2077055323803
3110.jpg,651.7863745910257
3111.jpg,285.4857143069369
3112.jpg,475.00902699136395
3113.jpg,564.9155181885566
3114.jpg,481.27245605365437
3115.jpg,440.1846359979915
3116.jpg,395.37286432018107
3117.jpg,477.24578060139265
3118.jpg,556.4825763688575
3119.jpg,387.21426826403484
3120.jpg,353.4883286698229
3121.jpg,190.2873287636506
3122.jpg,267.50371239518887
3123.jpg,280.5258639336885
3124.jpg,266.9300806959752
3125.jpg,273.6407322825823
3126.jpg,237.59959254921856
3127.jpg,233.48114071154043
3128.jpg,232.77085502507447
3129.jpg,228.4626912857666
3130.jpg,251.3254414689535
3131.jpg,232.5857186457538
3132.jpg,197.37237800186546
3133.jpg,237.1312459454239
3134.jpg,189.68804445545874
3135.jpg,190.28732876365532
3136.jpg,233.48114071153998
3137.jpg,201.7062442825875
3138.jpg,196.7997035702104
3139.jpg,178.15594135750638
3140.jpg,212.3948267259354
3141.jpg,261.96312040655994
3142.jpg,227.6929565243471
3143.jpg,260.8517216669617
3144.jpg,264.5645578135224
3145.jpg,306.2927591577874
3146.jpg,247.46480140977863
3147.jpg,253.75359382021998
3148.jpg,458.7955082632253
3149.jpg,281.94736151846223
3150.jpg,290.1443308700853
3151.jpg,266.79734868376886
3152.jpg,240.2238327643856
3153.jpg,440.8988031916089
3154.jpg,624.1289557850442
3155.jpg,494.01761177089986
3156.jpg,697.735215116783
3157.jpg,399.08971655812337
3158.jpg,349.8732927954612
3159.jpg,373.9366930839515
3160.jpg,406.8812722602224
3161.jpg,592.2142352977362
3162.jpg,396.75093627761805
3163.jpg,366.8224480071061
3164.jpg,525.7788526411982
3165.jpg,487.1222223965917
3166.jpg,474.6435762423996
3167.jpg,487.38959388462445
3168.jpg,788.9920482207104
3169.jpg,274.4174234382106
3170.jpg,280.2000902311266
3171.jpg,288.2665942898204
3172.jpg,285.4722464456563
3173.jpg,335.30889529031623
3174.jpg,330.5710728508474
3175.jpg,343.79798273964
3176.jpg,327.62255311850646
3177.jpg,379.6474431752318
3178.jpg,387.7794489628273
3179.jpg,350.18537699725493
3180.jpg,352.15786322607516
3181.jpg,319.4901887188112
3182.jpg,353.9504309063771
3183.jpg,360.3809846031876
3184.jpg,351.8332184815891
3185.jpg,364.66000999012255
3186.jpg,376.3181500344004
3187.jpg,375.98890141484094
3188.jpg,454.7690942151922
3189.jpg,394.7369874872639
3190.jpg,372.4739843132913
3191.jpg,254.7628860867355
3192.jpg,286.32327425068564
3193.jpg,269.2669779998905
3194.jpg,294.7091999406574
3195.jpg,311.6584184200076
3196.jpg,864.621553538989
3197.jpg,252.6032005390992
3198.jpg,236.9729834487837
3199.jpg,212.90974541722125
3200.jpg,241.61963954459478
3201.jpg,396.2814374399128
3202.jpg,228.46804400658002
3203.jpg,1000.2225980181944
3204.jpg,488.6924812409569
3205.jpg,297.6826804813439
3206.jpg,273.1618280937832
3207.jpg,267.43163423649395
3208.jpg,485.4465297347855
3209.jpg,266.7359871316643
3210.jpg,277.85032647261403
3211.jpg,284.75384078557744
3212.jpg,245.6113211364298
3213.jpg,281.4496871013802
3214.jpg,309.7223412513296
3215.jpg,367.89881066580995
3216.jpg,264.4999340444291
3217.jpg,549.9820172878142
3218.jpg,275.3843927918393
3219.jpg,271.3676467029192
3220.jpg,488.1806735579714
3221.jpg,159.4238636561101
3222.jpg,374.65700906241955
3223.jpg,178.35471905357346
3224.jpg,311.7917134960978
3225.jpg,362.59013479878786
3226.jpg,330.941592708026
3227.jpg,403.5458493052248
3228.jpg,283.6994902344184
3229.jpg,408.6664696162994
3230.jpg,309.13703654466883
3231.jpg,396.59400603904163
3232.jpg,356.661373613418
3233.jpg,278.30488797852917
3234.jpg,462.80965050797096
3235.jpg,606.6046635249774
3236.jpg,1297.6283417064474
3237.jpg,945.4424877902708
3238.jpg,2239.2824848182004
3239.jpg,2186.314727593373
3240.jpg,1436.9045666352795
3241.jpg,1617.2448269246559
3242.jpg,1271.9854236392778
3243.jpg,2770.756451966022
3244.jpg,2967.378306862665
3245.jpg,3007.5423456096237
3246.jpg,1215.026903930088
3247.jpg,288.41077752049614
3248.jpg,217.61856347560638
3249.jpg,279.57521705944976
3250.jpg,230.5440560716367
3251.jpg,2203.084526615318
3252.jpg,1961.2274158519133
3253.jpg,419.5164482562863
3254.jpg,434.2682209941004
3255.jpg,416.7987103384076
3256.jpg,432.253602846743
3257.jpg,405.2974013991131
3258.jpg,405.6552555662791
3259.jpg,398.8939367516329
3260.jpg,406.51471941542496
3261.jpg,525.5119075643394
3262.jpg,465.00193315979453
3263.jpg,437.5223243502905
3264.jpg,406.8156736764388
3265.jpg,399.2004819693758
3266.jpg,425.3428850923009
3267.jpg,434.19651236543086
3268.jpg,344.90407155282026
3269.jpg,574.0171673513066
3270.jpg,468.4078799009387
3271.jpg,454.6391043500402
3272.jpg,403.87342521661367
3273.jpg,556.8214550225711
3274.jpg,294.95679869406786
3275.jpg,538.5536567951784
3276.jpg,252.8730858664781
3277.jpg,282.0178309767614
3278.jpg,601.6475094931068
3279.jpg,285.4006149863878
3280.jpg,232.21693979448062
3281.jpg,299.7144127612857
3282.jpg,372.25902381395525
3283.jpg,249.66998938292437
3284.jpg,282.4781412148694
3285.jpg,222.96709341046625
3286.jpg,262.6154445505489
3287.jpg,282.27644672524815
3288.jpg,271.84827680226977
3289.jpg,260.0599595968524
3290.jpg,243.61332910308644
3291.jpg,241.18103421637682
3292.jpg,270.31326635882505
3293.jpg,249.05130113080426
3294.jpg,274.9132526978352
3295.jpg,263.48656368104196
3296.jpg,450.89962628514684
3297.jpg,281.4439245618414
3298.jpg,238.3590673493372
3299.jpg,251.2457731924245
3300.jpg,248.2799609119876
3301.jpg,255.0283488994411
3302.jpg,254.61357018878303
3303.jpg,253.1527850376346
3304.jpg,292.1869493305743
3305.jpg,241.46871606502359
3306.jpg,305.41739104429337
3307.jpg,246.65299733340902
3308.jpg,255.51495496197202
3309.jpg,220.48140191056882
3310.jpg,265.8876303947915
3311.jpg,260.4270544300159
3312.jpg,411.64708701319324
3313.jpg,219.4551599486467
3314.jpg,233.15359580531552
3315.jpg,235.2092271250669
3316.jpg,285.05961862546917
3317.jpg,250.02420171501797
3318.jpg,265.42135325273006
3319.jpg,290.6184834354
3320.jpg,298.56499184622265
3321.jpg,474.7755140555743
3322.jpg,267.0391285330384
3323.jpg,322.46964132607786
3324.jpg,397.7796082694408
3325.jpg,211.60567844731918
3326.jpg,214.3411001438645
3327.jpg,638.781577920698
3328.jpg,567.0214131910959
3329.jpg,276.12819430113314
3330.jpg,297.22661517206507
3331.jpg,297.4310129654652
3332.jpg,309.77624372300545
3333.jpg,235.61238078484558
3334.jpg,271.43781296990625
3335.jpg,256.98772599774856
3336.jpg,259.2502417655587
3337.jpg,319.19610905901055
3338.jpg,253.52824751486213
3339.jpg,698.9987966933523
3340.jpg,394.6046232906367
3341.jpg,208.15017418796262
3342.jpg,329.61726472785256
3343.jpg,357.5394693700136
3344.jpg,331.2385582484534
3345.jpg,902.5983915835947
3346.jpg,277.0825610462922
3347.jpg,220.5635742720686
3348.jpg,193.9662950290537
3349.jpg,286.4259388764637
3350.jpg,308.0669299613275
3351.jpg,285.70568934738645
3352.jpg,236.13766802982335
3353.jpg,269.62874183564924
3354.jpg,290.3803846352358
3355.jpg,266.601394266837
3356.jpg,273.82104411320563
3357.jpg,226.040159589416
3358.jpg,461.7813641455575
3359.jpg,426.38402450502394
3360.jpg,262.4402359685301
3361.jpg,312.4072287896609
3362.jpg,301.3594670249973
3363.jpg,334.991827767131
3364.jpg,242.81949989430674
3365.jpg,484.34220367398495
3366.jpg,713.6840195408557
3367.jpg,1648.018040316944
3368.jpg,1462.0727062780288
3369.jpg,1457.5763106785091
3370.jpg,314.2178154562781
3371.jpg,679.6106818294797
3372.jpg,424.87339090020333
3373.jpg,547.3632953809039
3374.jpg,637.8422157616868
3375.jpg,675.9136109062566
3376.jpg,597.1032897738595
3377.jpg,1063.6912072627026
3378.jpg,349.2107484755675
3379.jpg,273.8899447293388
3380.jpg,228.22270366063015
3381.jpg,324.16367541835024
3382.jpg,317.79639306348986
3383.jpg,241.58045423868202
3384.jpg,404.55903407379975
3385.jpg,377.24465234662375
3386.jpg,257.3181873444369
3387.jpg,226.56124897951983
3388.jpg,317.42670280460084
3389.jpg,235.16297232331493
3390.jpg,431.73285377975446
3391.jpg,470.16955179080935
3392.jpg,189.10208870865694
3393.jpg,251.67799296921476
3394.jpg,209.9094379107229
3395.jpg,313.4648737309385
3396.jpg,613.9132609107895
3397.jpg,312.3314631837641
3398.jpg,265.1959212278256
3399.jpg,955.3086290258711
3400.jpg,205.29944698748938
3401.jpg,742.5678081564728
3402.jpg,210.0871921591038
3403.jpg,231.38935440137112
3404.jpg,213.29103650798538
3405.jpg,255.76763423649174
3406.jpg,477.34617213028287
3407.jpg,376.009466647307
3408.jpg,328.7475613160162
3409.jpg,270.26794693399484
3410.jpg,324.354420217671
3411.jpg,303.89223990200026
3412.jpg,347.67017563410803
3413.jpg,256.44639190646734
3414.jpg,216.5696320625827
3415.jpg,463.85741957178493
3416.jpg,477.34617213028287
3417.jpg,376.009466647307
3418.jpg,328.7475613160173
3419.jpg,270.26794693399484
3420.jpg,324.354420217671
3421.jpg,303.8922399020003
3422.jpg,347.67017563410803
3423.jpg,256.44639190646734
3424.jpg,216.5696320625827
3425.jpg,463.8574195717849
3426.jpg,455.19667435024365
3427.jpg,287.3684179583988
3428.jpg,244.53260770012264
3429.jpg,312.2337760631157
3430.jpg,231.39457163468418
3431.jpg,1069.5811816732248
3432.jpg,280.6882229714815
3433.jpg,425.0655742143997
3434.jpg,796.0828065806537
3435.jpg,972.5921477955742
3436.jpg,328.10979175089585
3437.jpg,302.71764859414395
3438.jpg,345.70003922371745
3439.jpg,413.57302634770826
3440.jpg,276.1705232193205
3441.jpg,327.9385053004544
3442.jpg,385.48633178425905
3443.jpg,404.22047188303605
3444.jpg,311.33606511446163
3445.jpg,442.78025660778695
3446.jpg,424.6318564960841
3447.jpg,259.8866591310117
3448.jpg,403.1552703201567
3449.jpg,317.0597744173903
3450.jpg,284.7117833281723
3451.jpg,386.6746313052122
3452.jpg,342.75675766006
3453.jpg,323.5091105958453
3454.jpg,279.58315609891423
3455.jpg,228.84527484398782
3456.jpg,645.9954413321943
3457.jpg,318.3389516192431
3458.jpg,310.6482797989701
3459.jpg,347.6801594500555
3460.jpg,237.93333243343574
3461.jpg,264.1547273347422
3462.jpg,357.7018626832241
3463.jpg,351.1972150210951
3464.jpg,349.084831798253
3465.jpg,292.39854321078525
3466.jpg,245.77987705330025
3467.jpg,338.5273844034185
3468.jpg,350.837667737703
3469.jpg,302.96410745377926
3470.jpg,408.6034779723415
3471.jpg,424.44294195805566
3472.jpg,372.9146953229577
3473.jpg,309.81531300516104
3474.jpg,356.23830405917056
3475.jpg,286.9423416094391
3476.jpg,293.47546374646265
3477.jpg,273.94717066704186
3478.jpg,334.10411771757725
3479.jpg,382.90066817562723
3480.jpg,305.8226253793724
3481.jpg,391.32785693771433
3482.jpg,322.63651640899803
3483.jpg,389.07769838306945
3484.jpg,1603.587282143793
3485.jpg,859.2546788515408
3486.jpg,397.52510445005584
3487.jpg,387.4184853953434
3488.jpg,474.31809404642837
3489.jpg,334.7790958994955
3490.jpg,365.8358038383465
3491.jpg,400.2027266180721
3492.jpg,697.3685652903017
3493.jpg,258.0387078719605
3494.jpg,260.6333403806637
3495.jpg,389.17654075550536
3496.jpg,220.9147404105071
3497.jpg,277.6697528571121
3498.jpg,253.2066313440111
3499.jpg,263.18940339092654
3500.jpg,241.51806928918512
3501.jpg,220.03879279481671
3502.jpg,315.37099629823643
3503.jpg,308.6758774718024
3504.jpg,228.88887122514723
3505.jpg,182.7958011191722
3506.jpg,257.9181189792583
3507.jpg,279.69311623542643
3508.jpg,319.26567502266533
3509.jpg,289.7069959239225
3510.jpg,413.3282082353268
3511.jpg,318.83604986252715
3512.jpg,332.23704917591607
3513.jpg,244.34519598931487
3514.jpg,314.3262773134631
3515.jpg,332.41284103172165
3516.jpg,266.37935186397175
3517.jpg,449.29683713343286
3518.jpg,337.5455488636343
3519.jpg,279.43067662793953
3520.jpg,232.78073701891805
3521.jpg,187.61862731553347
3522.jpg,217.58398254413294
3523.jpg,192.98180757629768
3524.jpg,186.3217700124304
3525.jpg,312.7498104394963
3526.jpg,271.1495341129069
3527.jpg,236.79722900166368
3528.jpg,259.6650408150275
3529.jpg,319.2199142805789
3530.jpg,220.16190687109963
3531.jpg,4010.041958180887
3532.jpg,3993.4786687013916
3533.jpg,392.39140477254665
3534.jpg,348.4572552935371
3535.jpg,752.5506632091443
3536.jpg,1014.6475836155369
3537.jpg,736.303195256521
3538.jpg,558.3290762181932
3539.jpg,559.053760940139
3540.jpg,720.0699236213717
3541.jpg,440.3917585226186
3542.jpg,259.2285046766495
3543.jpg,338.8376378758355
3544.jpg,466.695180907635
3545.jpg,518.2887935739692
3546.jpg,389.52657603516343
3547.jpg,398.47179768101796
3548.jpg,299.4029653005136
3549.jpg,356.3108455806235
3550.jpg,475.74519712299656
3551.jpg,620.5529842742177
3552.jpg,379.1250955223515
3553.jpg,380.95892486455676
3554.jpg,368.9845246705168
3555.jpg,340.29386597459745
3556.jpg,281.60584732861184
3557.jpg,297.5129917070899
3558.jpg,520.2284289914224
3559.jpg,563.3442539608996
3560.jpg,1051.242923677044
3561.jpg,346.4566277860754
3562.jpg,790.0465753428655
3563.jpg,624.0642132299532
3564.jpg,337.10694213917486
3565.jpg,287.48072001475623
3566.jpg,375.05310531695346
3567.jpg,807.1438589024183
3568.jpg,286.4447941890121
3569.jpg,306.1105382297836
3570.jpg,1242.6086299742328
3571.jpg,364.4058668605869
3572.jpg,395.7468321836895
3573.jpg,219.49549837791642
3574.jpg,303.93491296079645
3575.jpg,385.7089092414297
3576.jpg,397.07706841442234
3577.jpg,279.08441121395117
3578.jpg,231.64138461240276
3579.jpg,240.89557695852542
3580.jpg,296.94741969233917
3581.jpg,310.7813990119685
3582.jpg,415.0110580843352
3583.jpg,669.0461403208527
3584.jpg,350.5531190990605
3585.jpg,246.42834765252536
3586.jpg,414.29073216839834
3587.jpg,449.731667313992
3588.jpg,377.8127378831958
3589.jpg,413.161115696506
3590.jpg,294.81803359206054
3591.jpg,149.42599472507396
3592.jpg,380.55280595935403
3593.jpg,379.3143335445078
3594.jpg,300.69118407920325
3595.jpg,177.75467845455907
3596.jpg,202.27285940078502
3597.jpg,250.03466834908951
3598.jpg,234.55568182961215
3599.jpg,169.2832056694523
3600.jpg,488.51050473964585
3601.jpg,481.9466919055684
3602.jpg,295.7059043272986
3603.jpg,267.1595109821652
3604.jpg,359.1981048705694
3605.jpg,288.65180722791075
3606.jpg,282.6357264702625
3607.jpg,299.26910598390793
3608.jpg,342.63079365844857
3609.jpg,225.94238170867774
3610.jpg,260.81958547271927
3611.jpg,305.6929716404852
3612.jpg,330.0354389611616
3613.jpg,365.340769059394
